"T","U:0","U:1","U:2","p","p_rgh","vtkValidPointMask","arc_length","Points:0","Points:1","Points:2"
1238.2,0,0,0,23.208,23.208,,0,0,0,0
1238.1,3.3575e-09,3.4588e-10,6.2427e-06,22.824,23.209,,1e-05,0,0,1e-05
1238,6.7286e-09,6.9196e-10,1.2485e-05,22.44,23.211,,2e-05,0,0,2e-05
1237.9,1.0113e-08,1.0382e-09,1.8728e-05,22.056,23.212,,3e-05,0,0,3e-05
1237.9,1.3512e-08,1.3847e-09,2.4971e-05,21.672,23.214,,4e-05,0,0,4e-05
1237.8,1.6924e-08,1.7314e-09,3.1214e-05,21.288,23.216,,5e-05,0,0,5e-05
1237.7,2.0349e-08,2.0783e-09,3.7456e-05,20.904,23.217,,6e-05,0,0,6e-05
1237.6,2.3789e-08,2.4253e-09,4.3699e-05,20.52,23.219,,7e-05,0,0,7e-05
1237.6,2.7241e-08,2.7726e-09,4.9942e-05,20.136,23.22,,8e-05,0,0,8e-05
1237.5,3.0708e-08,3.1201e-09,5.6184e-05,19.752,23.222,,9e-05,0,0,9e-05
1237.4,3.4188e-08,3.4678e-09,6.2427e-05,19.369,23.224,,0.0001,0,0,0.0001
1237.3,3.7682e-08,3.8156e-09,6.867e-05,18.985,23.225,,0.00011,0,0,0.00011
1237.2,4.1189e-08,4.1637e-09,7.4912e-05,18.601,23.227,,0.00012,0,0,0.00012
1237.2,4.4711e-08,4.512e-09,8.1155e-05,18.217,23.228,,0.00013,0,0,0.00013
1237.1,4.8246e-08,4.8604e-09,8.7398e-05,17.833,23.23,,0.00014,0,0,0.00014
1237,5.1794e-08,5.2091e-09,9.3641e-05,17.449,23.231,,0.00015,0,0,0.00015
1236.9,5.5356e-08,5.558e-09,9.9883e-05,17.065,23.233,,0.00016,0,0,0.00016
1236.9,5.8932e-08,5.9071e-09,0.00010613,16.681,23.235,,0.00017,0,0,0.00017
1236.8,6.2522e-08,6.2563e-09,0.00011237,16.297,23.236,,0.00018,0,0,0.00018
1236.7,6.6125e-08,6.6058e-09,0.00011861,15.913,23.238,,0.00019,0,0,0.00019
1236.6,6.9743e-08,6.9555e-09,0.00012485,15.529,23.239,,0.0002,0,0,0.0002
1236.6,7.3373e-08,7.3053e-09,0.0001311,15.145,23.241,,0.00021,0,0,0.00021
1236.5,7.7018e-08,7.6554e-09,0.00013734,14.761,23.243,,0.00022,0,0,0.00022
1236.4,8.0676e-08,8.0057e-09,0.00014358,14.378,23.244,,0.00023,0,0,0.00023
1236.3,8.4349e-08,8.3561e-09,0.00014982,13.994,23.246,,0.00024,0,0,0.00024
1236.3,8.8034e-08,8.7068e-09,0.00015607,13.61,23.247,,0.00025,0,0,0.00025
1236.2,9.1734e-08,9.0577e-09,0.00016231,13.226,23.249,,0.00026,0,0,0.00026
1236.1,9.5448e-08,9.4088e-09,0.00016855,12.842,23.25,,0.00027,0,0,0.00027
1236,9.9175e-08,9.76e-09,0.0001748,12.458,23.252,,0.00028,0,0,0.00028
1236,1.0292e-07,1.0112e-08,0.00018104,12.074,23.254,,0.00029,0,0,0.00029
1235.9,1.0667e-07,1.0463e-08,0.00018728,11.69,23.255,,0.0003,0,0,0.0003
1235.8,1.1044e-07,1.0815e-08,0.00019352,11.306,23.257,,0.00031,0,0,0.00031
1235.7,1.1422e-07,1.1167e-08,0.00019977,10.922,23.258,,0.00032,0,0,0.00032
1235.7,1.1802e-07,1.1519e-08,0.00020601,10.538,23.26,,0.00033,0,0,0.00033
1235.6,1.2183e-07,1.1872e-08,0.00021225,10.154,23.262,,0.00034,0,0,0.00034
1235.5,1.2565e-07,1.2225e-08,0.00021849,9.7705,23.263,,0.00035,0,0,0.00035
1235.4,1.2949e-07,1.2577e-08,0.00022474,9.3865,23.265,,0.00036,0,0,0.00036
1235.4,1.3334e-07,1.2931e-08,0.00023098,9.0026,23.266,,0.00037,0,0,0.00037
1235.3,1.3721e-07,1.3284e-08,0.00023722,8.6187,23.268,,0.00038,0,0,0.00038
1235.2,1.4109e-07,1.3637e-08,0.00024346,8.2348,23.269,,0.00039,0,0,0.00039
1235.1,1.4498e-07,1.3991e-08,0.00024971,7.8509,23.271,,0.0004,0,0,0.0004
1235.1,1.4889e-07,1.4345e-08,0.00025595,7.4669,23.273,,0.00041,0,0,0.00041
1235,1.5281e-07,1.4699e-08,0.00026219,7.083,23.274,,0.00042,0,0,0.00042
1234.9,1.5674e-07,1.5053e-08,0.00026844,6.6991,23.276,,0.00043,0,0,0.00043
1234.8,1.6069e-07,1.5408e-08,0.00027468,6.3152,23.277,,0.00044,0,0,0.00044
1234.8,1.6465e-07,1.5763e-08,0.00028092,5.9313,23.279,,0.00045,0,0,0.00045
1234.7,1.6863e-07,1.6117e-08,0.00028716,5.5473,23.281,,0.00046,0,0,0.00046
1234.6,1.7178e-07,1.6359e-08,0.00029509,5.164,23.281,,0.00047,0,0,0.00047
1234.5,1.7404e-07,1.648e-08,0.0003048,4.7814,23.281,,0.00048,0,0,0.00048
1234.4,1.7631e-07,1.6601e-08,0.00031451,4.3988,23.28,,0.00049,0,0,0.00049
1234.3,1.7859e-07,1.6722e-08,0.00032422,4.0161,23.28,,0.0005,0,0,0.0005
1234.1,1.8086e-07,1.6842e-08,0.00033393,3.6335,23.279,,0.00051,0,0,0.00051
1234,1.8315e-07,1.6963e-08,0.00034364,3.2509,23.279,,0.00052,0,0,0.00052
1233.9,1.8543e-07,1.7083e-08,0.00035334,2.8682,23.278,,0.00053,0,0,0.00053
1233.8,1.8772e-07,1.7203e-08,0.00036305,2.4856,23.278,,0.00054,0,0,0.00054
1233.7,1.9002e-07,1.7323e-08,0.00037276,2.103,23.277,,0.00055,0,0,0.00055
1233.6,1.9232e-07,1.7443e-08,0.00038247,1.7203,23.277,,0.00056,0,0,0.00056
1233.5,1.9463e-07,1.7562e-08,0.00039218,1.3377,23.276,,0.00057,0,0,0.00057
1233.4,1.9694e-07,1.7682e-08,0.00040189,0.95506,23.276,,0.00058,0,0,0.00058
1233.3,1.9925e-07,1.7801e-08,0.0004116,0.57243,23.275,,0.00059,0,0,0.00059
1233.1,2.0157e-07,1.792e-08,0.00042131,0.1898,23.275,,0.0006,0,0,0.0006
1233,2.0389e-07,1.8039e-08,0.00043101,-0.19284,23.274,,0.00061,0,0,0.00061
1232.9,2.0622e-07,1.8157e-08,0.00044072,-0.57547,23.274,,0.00062,0,0,0.00062
1232.8,2.0855e-07,1.8276e-08,0.00045043,-0.9581,23.273,,0.00063,0,0,0.00063
1232.7,2.1089e-07,1.8394e-08,0.00046014,-1.3407,23.273,,0.00064,0,0,0.00064
1232.6,2.1323e-07,1.8513e-08,0.00046985,-1.7234,23.272,,0.00065,0,0,0.00065
1232.5,2.1558e-07,1.8631e-08,0.00047956,-2.106,23.272,,0.00066,0,0,0.00066
1232.4,2.1793e-07,1.8748e-08,0.00048927,-2.4886,23.272,,0.00067,0,0,0.00067
1232.3,2.2029e-07,1.8866e-08,0.00049898,-2.8713,23.271,,0.00068,0,0,0.00068
1232.2,2.2265e-07,1.8984e-08,0.00050868,-3.2539,23.271,,0.00069,0,0,0.00069
1232,2.2501e-07,1.9101e-08,0.00051839,-3.6365,23.27,,0.0007,0,0,0.0007
1231.9,2.2738e-07,1.9218e-08,0.0005281,-4.0192,23.27,,0.00071,0,0,0.00071
1231.8,2.2976e-07,1.9335e-08,0.00053781,-4.4018,23.269,,0.00072,0,0,0.00072
1231.7,2.3213e-07,1.9452e-08,0.00054752,-4.7844,23.269,,0.00073,0,0,0.00073
1231.6,2.3452e-07,1.9568e-08,0.00055723,-5.1671,23.268,,0.00074,0,0,0.00074
1231.5,2.3691e-07,1.9685e-08,0.00056694,-5.5497,23.268,,0.00075,0,0,0.00075
1231.4,2.393e-07,1.9801e-08,0.00057665,-5.9323,23.267,,0.00076,0,0,0.00076
1231.3,2.417e-07,1.9917e-08,0.00058635,-6.315,23.267,,0.00077,0,0,0.00077
1231.2,2.441e-07,2.0033e-08,0.00059606,-6.6976,23.266,,0.00078,0,0,0.00078
1231,2.465e-07,2.0149e-08,0.00060577,-7.0802,23.266,,0.00079,0,0,0.00079
1230.9,2.4892e-07,2.0265e-08,0.00061548,-7.4629,23.265,,0.0008,0,0,0.0008
1230.8,2.5133e-07,2.038e-08,0.00062519,-7.8455,23.265,,0.00081,0,0,0.00081
1230.7,2.5375e-07,2.0495e-08,0.0006349,-8.2282,23.264,,0.00082,0,0,0.00082
1230.6,2.5618e-07,2.061e-08,0.00064461,-8.6108,23.264,,0.00083,0,0,0.00083
1230.5,2.5861e-07,2.0725e-08,0.00065431,-8.9934,23.263,,0.00084,0,0,0.00084
1230.4,2.6104e-07,2.084e-08,0.00066402,-9.3761,23.263,,0.00085,0,0,0.00085
1230.3,2.6348e-07,2.0954e-08,0.00067373,-9.7587,23.262,,0.00086,0,0,0.00086
1230.2,2.6592e-07,2.1069e-08,0.00068344,-10.141,23.262,,0.00087,0,0,0.00087
1230,2.6837e-07,2.1183e-08,0.00069315,-10.524,23.261,,0.00088,0,0,0.00088
1229.9,2.7082e-07,2.1297e-08,0.00070286,-10.907,23.261,,0.00089,0,0,0.00089
1229.8,2.7328e-07,2.1411e-08,0.00071257,-11.289,23.26,,0.0009,0,0,0.0009
1229.7,2.7574e-07,2.1525e-08,0.00072228,-11.672,23.26,,0.00091,0,0,0.00091
1229.6,2.7821e-07,2.1638e-08,0.00073198,-12.054,23.259,,0.00092,0,0,0.00092
1229.5,2.8068e-07,2.1751e-08,0.00074169,-12.437,23.259,,0.00093,0,0,0.00093
1229.4,2.8316e-07,2.1864e-08,0.0007514,-12.82,23.258,,0.00094,0,0,0.00094
1229.3,2.8564e-07,2.1977e-08,0.00076111,-13.202,23.258,,0.00095,0,0,0.00095
1229.2,2.8767e-07,2.2054e-08,0.00077079,-13.586,23.255,,0.00096,0,0,0.00096
1229.1,2.8864e-07,2.2046e-08,0.00078041,-13.973,23.248,,0.00097,0,0,0.00097
1229.1,2.8961e-07,2.2039e-08,0.00079003,-14.36,23.241,,0.00098,0,0,0.00098
1229.1,2.9058e-07,2.2032e-08,0.00079965,-14.747,23.234,,0.00099,0,0,0.00099
1229,2.9155e-07,2.2024e-08,0.00080927,-15.134,23.226,,0.001,0,0,0.001
1229,2.9252e-07,2.2017e-08,0.00081889,-15.521,23.219,,0.00101,0,0,0.00101
1228.9,2.9348e-07,2.201e-08,0.00082851,-15.908,23.212,,0.00102,0,0,0.00102
1228.9,2.9445e-07,2.2003e-08,0.00083813,-16.295,23.205,,0.00103,0,0,0.00103
1228.8,2.9541e-07,2.1996e-08,0.00084775,-16.682,23.197,,0.00104,0,0,0.00104
1228.8,2.9637e-07,2.1989e-08,0.00085737,-17.069,23.19,,0.00105,0,0,0.00105
1228.7,2.9733e-07,2.1982e-08,0.00086699,-17.456,23.183,,0.00106,0,0,0.00106
1228.7,2.9829e-07,2.1975e-08,0.00087661,-17.843,23.176,,0.00107,0,0,0.00107
1228.7,2.9925e-07,2.1969e-08,0.00088623,-18.23,23.168,,0.00108,0,0,0.00108
1228.6,3.002e-07,2.1962e-08,0.00089585,-18.617,23.161,,0.00109,0,0,0.00109
1228.6,3.0115e-07,2.1955e-08,0.00090546,-19.004,23.154,,0.0011,0,0,0.0011
1228.5,3.0211e-07,2.1949e-08,0.00091508,-19.391,23.146,,0.00111,0,0,0.00111
1228.5,3.0306e-07,2.1942e-08,0.0009247,-19.778,23.139,,0.00112,0,0,0.00112
1228.4,3.04e-07,2.1936e-08,0.00093432,-20.165,23.132,,0.00113,0,0,0.00113
1228.4,3.0495e-07,2.193e-08,0.00094394,-20.552,23.125,,0.00114,0,0,0.00114
1228.4,3.059e-07,2.1923e-08,0.00095356,-20.939,23.117,,0.00115,0,0,0.00115
1228.3,3.0684e-07,2.1917e-08,0.00096318,-21.326,23.11,,0.00116,0,0,0.00116
1228.3,3.0779e-07,2.1911e-08,0.0009728,-21.713,23.103,,0.00117,0,0,0.00117
1228.2,3.0873e-07,2.1905e-08,0.00098242,-22.1,23.096,,0.00118,0,0,0.00118
1228.2,3.0967e-07,2.1899e-08,0.00099204,-22.487,23.088,,0.00119,0,0,0.00119
1228.1,3.106e-07,2.1893e-08,0.0010017,-22.874,23.081,,0.0012,0,0,0.0012
1228.1,3.1154e-07,2.1887e-08,0.0010113,-23.261,23.074,,0.00121,0,0,0.00121
1228,3.1248e-07,2.1881e-08,0.0010209,-23.648,23.067,,0.00122,0,0,0.00122
1228,3.1341e-07,2.1875e-08,0.0010305,-24.035,23.059,,0.00123,0,0,0.00123
1228,3.1434e-07,2.1869e-08,0.0010401,-24.422,23.052,,0.00124,0,0,0.00124
1227.9,3.1527e-07,2.1864e-08,0.0010498,-24.809,23.045,,0.00125,0,0,0.00125
1227.9,3.162e-07,2.1858e-08,0.0010594,-25.196,23.037,,0.00126,0,0,0.00126
1227.8,3.1713e-07,2.1853e-08,0.001069,-25.583,23.03,,0.00127,0,0,0.00127
1227.8,3.1805e-07,2.1847e-08,0.0010786,-25.969,23.023,,0.00128,0,0,0.00128
1227.7,3.1898e-07,2.1842e-08,0.0010882,-26.356,23.016,,0.00129,0,0,0.00129
1227.7,3.199e-07,2.1836e-08,0.0010979,-26.743,23.008,,0.0013,0,0,0.0013
1227.7,3.2082e-07,2.1831e-08,0.0011075,-27.13,23.001,,0.00131,0,0,0.00131
1227.6,3.2174e-07,2.1826e-08,0.0011171,-27.517,22.994,,0.00132,0,0,0.00132
1227.6,3.2266e-07,2.1821e-08,0.0011267,-27.904,22.987,,0.00133,0,0,0.00133
1227.5,3.2358e-07,2.1816e-08,0.0011363,-28.291,22.979,,0.00134,0,0,0.00134
1227.5,3.2449e-07,2.1811e-08,0.001146,-28.678,22.972,,0.00135,0,0,0.00135
1227.4,3.2541e-07,2.1806e-08,0.0011556,-29.065,22.965,,0.00136,0,0,0.00136
1227.4,3.2632e-07,2.1801e-08,0.0011652,-29.452,22.958,,0.00137,0,0,0.00137
1227.3,3.2723e-07,2.1796e-08,0.0011748,-29.839,22.95,,0.00138,0,0,0.00138
1227.3,3.2814e-07,2.1791e-08,0.0011844,-30.226,22.943,,0.00139,0,0,0.00139
1227.3,3.2905e-07,2.1786e-08,0.001194,-30.613,22.936,,0.0014,0,0,0.0014
1227.2,3.2995e-07,2.1782e-08,0.0012037,-31,22.928,,0.00141,0,0,0.00141
1227.2,3.3086e-07,2.1777e-08,0.0012133,-31.387,22.921,,0.00142,0,0,0.00142
1227.1,3.3176e-07,2.1773e-08,0.0012229,-31.774,22.914,,0.00143,0,0,0.00143
1227.1,3.3266e-07,2.1768e-08,0.0012325,-32.161,22.907,,0.00144,0,0,0.00144
1227,3.3356e-07,2.1764e-08,0.0012421,-32.548,22.899,,0.00145,0,0,0.00145
1227,3.3446e-07,2.176e-08,0.0012518,-32.935,22.892,,0.00146,0,0,0.00146
1227,3.3535e-07,2.1755e-08,0.0012614,-33.322,22.885,,0.00147,0,0,0.00147
1227,3.3541e-07,2.1692e-08,0.0012695,-33.714,22.873,,0.00148,0,0,0.00148
1227,3.3532e-07,2.1618e-08,0.0012774,-34.106,22.861,,0.00149,0,0,0.00149
1227,3.3522e-07,2.1543e-08,0.0012853,-34.499,22.848,,0.0015,0,0,0.0015
1227,3.3512e-07,2.1469e-08,0.0012932,-34.891,22.836,,0.00151,0,0,0.00151
1227,3.3501e-07,2.1395e-08,0.0013011,-35.283,22.823,,0.00152,0,0,0.00152
1227,3.3491e-07,2.1321e-08,0.001309,-35.676,22.811,,0.00153,0,0,0.00153
1227,3.348e-07,2.1247e-08,0.0013168,-36.068,22.798,,0.00154,0,0,0.00154
1227,3.347e-07,2.1173e-08,0.0013247,-36.461,22.786,,0.00155,0,0,0.00155
1227,3.3459e-07,2.1099e-08,0.0013326,-36.853,22.773,,0.00156,0,0,0.00156
1227,3.3448e-07,2.1025e-08,0.0013405,-37.246,22.761,,0.00157,0,0,0.00157
1227,3.3437e-07,2.0951e-08,0.0013484,-37.638,22.748,,0.00158,0,0,0.00158
1227.1,3.3426e-07,2.0877e-08,0.0013562,-38.031,22.736,,0.00159,0,0,0.00159
1227.1,3.3414e-07,2.0803e-08,0.0013641,-38.423,22.723,,0.0016,0,0,0.0016
1227.1,3.3403e-07,2.073e-08,0.001372,-38.816,22.711,,0.00161,0,0,0.00161
1227.1,3.3391e-07,2.0656e-08,0.0013799,-39.208,22.698,,0.00162,0,0,0.00162
1227.1,3.3379e-07,2.0583e-08,0.0013878,-39.601,22.686,,0.00163,0,0,0.00163
1227.1,3.3367e-07,2.0509e-08,0.0013957,-39.993,22.673,,0.00164,0,0,0.00164
1227.1,3.3355e-07,2.0436e-08,0.0014035,-40.386,22.661,,0.00165,0,0,0.00165
1227.1,3.3343e-07,2.0362e-08,0.0014114,-40.778,22.648,,0.00166,0,0,0.00166
1227.1,3.333e-07,2.0289e-08,0.0014193,-41.171,22.636,,0.00167,0,0,0.00167
1227.1,3.3318e-07,2.0216e-08,0.0014272,-41.563,22.623,,0.00168,0,0,0.00168
1227.1,3.3305e-07,2.0142e-08,0.0014351,-41.956,22.611,,0.00169,0,0,0.00169
1227.1,3.3292e-07,2.0069e-08,0.0014429,-42.348,22.598,,0.0017,0,0,0.0017
1227.2,3.3279e-07,1.9996e-08,0.0014508,-42.741,22.586,,0.00171,0,0,0.00171
1227.2,3.3266e-07,1.9923e-08,0.0014587,-43.133,22.573,,0.00172,0,0,0.00172
1227.2,3.3253e-07,1.985e-08,0.0014666,-43.525,22.561,,0.00173,0,0,0.00173
1227.2,3.3239e-07,1.9777e-08,0.0014745,-43.918,22.549,,0.00174,0,0,0.00174
1227.2,3.3226e-07,1.9704e-08,0.0014824,-44.31,22.536,,0.00175,0,0,0.00175
1227.2,3.3212e-07,1.9632e-08,0.0014902,-44.703,22.524,,0.00176,0,0,0.00176
1227.2,3.3198e-07,1.9559e-08,0.0014981,-45.095,22.511,,0.00177,0,0,0.00177
1227.2,3.3184e-07,1.9486e-08,0.001506,-45.488,22.499,,0.00178,0,0,0.00178
1227.2,3.317e-07,1.9414e-08,0.0015139,-45.88,22.486,,0.00179,0,0,0.00179
1227.2,3.3156e-07,1.9341e-08,0.0015218,-46.273,22.474,,0.0018,0,0,0.0018
1227.2,3.3141e-07,1.9269e-08,0.0015297,-46.665,22.461,,0.00181,0,0,0.00181
1227.3,3.3127e-07,1.9196e-08,0.0015375,-47.058,22.449,,0.00182,0,0,0.00182
1227.3,3.3112e-07,1.9124e-08,0.0015454,-47.45,22.436,,0.00183,0,0,0.00183
1227.3,3.3097e-07,1.9051e-08,0.0015533,-47.843,22.424,,0.00184,0,0,0.00184
1227.3,3.3082e-07,1.8979e-08,0.0015612,-48.235,22.411,,0.00185,0,0,0.00185
1227.3,3.3067e-07,1.8907e-08,0.0015691,-48.628,22.399,,0.00186,0,0,0.00186
1227.3,3.3051e-07,1.8835e-08,0.0015769,-49.02,22.386,,0.00187,0,0,0.00187
1227.3,3.3036e-07,1.8763e-08,0.0015848,-49.413,22.374,,0.00188,0,0,0.00188
1227.3,3.302e-07,1.8691e-08,0.0015927,-49.805,22.361,,0.00189,0,0,0.00189
1227.3,3.3004e-07,1.8619e-08,0.0016006,-50.198,22.349,,0.0019,0,0,0.0019
1227.3,3.2989e-07,1.8547e-08,0.0016085,-50.59,22.336,,0.00191,0,0,0.00191
1227.3,3.2973e-07,1.8475e-08,0.0016164,-50.983,22.324,,0.00192,0,0,0.00192
1227.3,3.2956e-07,1.8403e-08,0.0016242,-51.375,22.311,,0.00193,0,0,0.00193
1227.4,3.294e-07,1.8331e-08,0.0016321,-51.767,22.299,,0.00194,0,0,0.00194
1227.4,3.2923e-07,1.826e-08,0.00164,-52.16,22.286,,0.00195,0,0,0.00195
1227.4,3.2907e-07,1.8188e-08,0.0016479,-52.552,22.274,,0.00196,0,0,0.00196
1227.4,3.289e-07,1.8116e-08,0.0016558,-52.945,22.261,,0.00197,0,0,0.00197
1227.4,3.2873e-07,1.8045e-08,0.0016636,-53.337,22.249,,0.00198,0,0,0.00198
1227.4,3.285e-07,1.7967e-08,0.0016712,-53.73,22.236,,0.00199,0,0,0.00199
1227.5,3.2783e-07,1.7848e-08,0.0016767,-54.126,22.22,,0.002,0,0,0.002
1227.5,3.2717e-07,1.7729e-08,0.0016822,-54.522,22.204,,0.00201,0,0,0.00201
1227.5,3.265e-07,1.761e-08,0.0016877,-54.917,22.188,,0.00202,0,0,0.00202
1227.6,3.2583e-07,1.7491e-08,0.0016931,-55.313,22.172,,0.00203,0,0,0.00203
1227.6,3.2517e-07,1.7373e-08,0.0016986,-55.709,22.156,,0.00204,0,0,0.00204
1227.7,3.245e-07,1.7254e-08,0.0017041,-56.104,22.14,,0.00205,0,0,0.00205
1227.7,3.2383e-07,1.7135e-08,0.0017096,-56.5,22.124,,0.00206,0,0,0.00206
1227.8,3.2316e-07,1.7016e-08,0.0017151,-56.896,22.108,,0.00207,0,0,0.00207
1227.8,3.2249e-07,1.6897e-08,0.0017206,-57.291,22.092,,0.00208,0,0,0.00208
1227.9,3.2182e-07,1.6778e-08,0.001726,-57.687,22.076,,0.00209,0,0,0.00209
1227.9,3.2115e-07,1.6659e-08,0.0017315,-58.083,22.06,,0.0021,0,0,0.0021
1227.9,3.2048e-07,1.6541e-08,0.001737,-58.478,22.044,,0.00211,0,0,0.00211
1228,3.1981e-07,1.6422e-08,0.0017425,-58.874,22.028,,0.00212,0,0,0.00212
1228,3.1914e-07,1.6303e-08,0.001748,-59.27,22.012,,0.00213,0,0,0.00213
1228.1,3.1847e-07,1.6184e-08,0.0017535,-59.665,21.996,,0.00214,0,0,0.00214
1228.1,3.1779e-07,1.6066e-08,0.0017589,-60.061,21.98,,0.00215,0,0,0.00215
1228.2,3.1712e-07,1.5947e-08,0.0017644,-60.457,21.964,,0.00216,0,0,0.00216
1228.2,3.1645e-07,1.5828e-08,0.0017699,-60.852,21.948,,0.00217,0,0,0.00217
1228.3,3.1577e-07,1.571e-08,0.0017754,-61.248,21.933,,0.00218,0,0,0.00218
1228.3,3.151e-07,1.5591e-08,0.0017809,-61.644,21.917,,0.00219,0,0,0.00219
1228.4,3.1442e-07,1.5472e-08,0.0017863,-62.039,21.901,,0.0022,0,0,0.0022
1228.4,3.1375e-07,1.5354e-08,0.0017918,-62.435,21.885,,0.00221,0,0,0.00221
1228.4,3.1307e-07,1.5235e-08,0.0017973,-62.831,21.869,,0.00222,0,0,0.00222
1228.5,3.124e-07,1.5116e-08,0.0018028,-63.226,21.853,,0.00223,0,0,0.00223
1228.5,3.1172e-07,1.4998e-08,0.0018083,-63.622,21.837,,0.00224,0,0,0.00224
1228.6,3.1104e-07,1.4879e-08,0.0018138,-64.018,21.821,,0.00225,0,0,0.00225
1228.6,3.1036e-07,1.4761e-08,0.0018192,-64.413,21.805,,0.00226,0,0,0.00226
1228.7,3.0969e-07,1.4642e-08,0.0018247,-64.809,21.789,,0.00227,0,0,0.00227
1228.7,3.0901e-07,1.4524e-08,0.0018302,-65.205,21.773,,0.00228,0,0,0.00228
1228.8,3.0833e-07,1.4405e-08,0.0018357,-65.6,21.757,,0.00229,0,0,0.00229
1228.8,3.0765e-07,1.4287e-08,0.0018412,-65.996,21.741,,0.0023,0,0,0.0023
1228.9,3.0697e-07,1.4168e-08,0.0018466,-66.392,21.725,,0.00231,0,0,0.00231
1228.9,3.0629e-07,1.405e-08,0.0018521,-66.787,21.709,,0.00232,0,0,0.00232
1228.9,3.0561e-07,1.3931e-08,0.0018576,-67.183,21.693,,0.00233,0,0,0.00233
1229,3.0493e-07,1.3813e-08,0.0018631,-67.579,21.677,,0.00234,0,0,0.00234
1229,3.0424e-07,1.3695e-08,0.0018686,-67.974,21.661,,0.00235,0,0,0.00235
1229.1,3.0356e-07,1.3576e-08,0.0018741,-68.37,21.645,,0.00236,0,0,0.00236
1229.1,3.0288e-07,1.3458e-08,0.0018795,-68.766,21.629,,0.00237,0,0,0.00237
1229.2,3.0219e-07,1.334e-08,0.001885,-69.161,21.613,,0.00238,0,0,0.00238
1229.2,3.0151e-07,1.3221e-08,0.0018905,-69.557,21.597,,0.00239,0,0,0.00239
1229.3,3.0083e-07,1.3103e-08,0.001896,-69.953,21.581,,0.0024,0,0,0.0024
1229.3,3.0014e-07,1.2985e-08,0.0019015,-70.348,21.565,,0.00241,0,0,0.00241
1229.4,2.9946e-07,1.2867e-08,0.0019069,-70.744,21.549,,0.00242,0,0,0.00242
1229.4,2.9877e-07,1.2748e-08,0.0019124,-71.14,21.533,,0.00243,0,0,0.00243
1229.4,2.9808e-07,1.263e-08,0.0019179,-71.535,21.517,,0.00244,0,0,0.00244
1229.5,2.974e-07,1.2512e-08,0.0019234,-71.931,21.501,,0.00245,0,0,0.00245
1229.5,2.9671e-07,1.2394e-08,0.0019289,-72.327,21.486,,0.00246,0,0,0.00246
1229.6,2.9602e-07,1.2275e-08,0.0019344,-72.722,21.47,,0.00247,0,0,0.00247
1229.6,2.9533e-07,1.2157e-08,0.0019398,-73.118,21.454,,0.00248,0,0,0.00248
1229.7,2.9464e-07,1.2039e-08,0.0019453,-73.514,21.438,,0.00249,0,0,0.00249
1229.7,2.9381e-07,1.1938e-08,0.0019502,-73.909,21.421,,0.0025,0,0,0.0025
1229.8,2.9254e-07,1.1886e-08,0.0019534,-74.305,21.402,,0.00251,0,0,0.00251
1229.9,2.9127e-07,1.1834e-08,0.0019566,-74.7,21.384,,0.00252,0,0,0.00252
1229.9,2.9e-07,1.1783e-08,0.0019597,-75.095,21.365,,0.00253,0,0,0.00253
1230,2.8873e-07,1.1731e-08,0.0019629,-75.491,21.346,,0.00254,0,0,0.00254
1230.1,2.8745e-07,1.1679e-08,0.0019661,-75.886,21.328,,0.00255,0,0,0.00255
1230.2,2.8618e-07,1.1627e-08,0.0019692,-76.282,21.309,,0.00256,0,0,0.00256
1230.2,2.8491e-07,1.1576e-08,0.0019724,-76.677,21.29,,0.00257,0,0,0.00257
1230.3,2.8364e-07,1.1524e-08,0.0019756,-77.072,21.272,,0.00258,0,0,0.00258
1230.4,2.8237e-07,1.1472e-08,0.0019787,-77.468,21.253,,0.00259,0,0,0.00259
1230.5,2.811e-07,1.142e-08,0.0019819,-77.863,21.234,,0.0026,0,0,0.0026
1230.5,2.7983e-07,1.1368e-08,0.0019851,-78.259,21.216,,0.00261,0,0,0.00261
1230.6,2.7856e-07,1.1317e-08,0.0019882,-78.654,21.197,,0.00262,0,0,0.00262
1230.7,2.7729e-07,1.1265e-08,0.0019914,-79.049,21.178,,0.00263,0,0,0.00263
1230.7,2.7602e-07,1.1213e-08,0.0019946,-79.445,21.16,,0.00264,0,0,0.00264
1230.8,2.7474e-07,1.1161e-08,0.0019977,-79.84,21.141,,0.00265,0,0,0.00265
1230.9,2.7347e-07,1.111e-08,0.0020009,-80.236,21.122,,0.00266,0,0,0.00266
1231,2.722e-07,1.1058e-08,0.0020041,-80.631,21.104,,0.00267,0,0,0.00267
1231,2.7093e-07,1.1006e-08,0.0020073,-81.026,21.085,,0.00268,0,0,0.00268
1231.1,2.6966e-07,1.0954e-08,0.0020104,-81.422,21.067,,0.00269,0,0,0.00269
1231.2,2.6839e-07,1.0903e-08,0.0020136,-81.817,21.048,,0.0027,0,0,0.0027
1231.3,2.6711e-07,1.0851e-08,0.0020168,-82.213,21.029,,0.00271,0,0,0.00271
1231.3,2.6584e-07,1.0799e-08,0.0020199,-82.608,21.011,,0.00272,0,0,0.00272
1231.4,2.6457e-07,1.0747e-08,0.0020231,-83.003,20.992,,0.00273,0,0,0.00273
1231.5,2.633e-07,1.0696e-08,0.0020263,-83.399,20.973,,0.00274,0,0,0.00274
1231.5,2.6203e-07,1.0644e-08,0.0020294,-83.794,20.955,,0.00275,0,0,0.00275
1231.6,2.6075e-07,1.0592e-08,0.0020326,-84.19,20.936,,0.00276,0,0,0.00276
1231.7,2.5948e-07,1.0541e-08,0.0020358,-84.585,20.917,,0.00277,0,0,0.00277
1231.8,2.5821e-07,1.0489e-08,0.0020389,-84.98,20.899,,0.00278,0,0,0.00278
1231.8,2.5694e-07,1.0437e-08,0.0020421,-85.376,20.88,,0.00279,0,0,0.00279
1231.9,2.5566e-07,1.0385e-08,0.0020453,-85.771,20.861,,0.0028,0,0,0.0028
1232,2.5439e-07,1.0334e-08,0.0020484,-86.167,20.843,,0.00281,0,0,0.00281
1232,2.5312e-07,1.0282e-08,0.0020516,-86.562,20.824,,0.00282,0,0,0.00282
1232.1,2.5185e-07,1.023e-08,0.0020548,-86.957,20.805,,0.00283,0,0,0.00283
1232.2,2.5057e-07,1.0179e-08,0.002058,-87.353,20.787,,0.00284,0,0,0.00284
1232.3,2.493e-07,1.0127e-08,0.0020611,-87.748,20.768,,0.00285,0,0,0.00285
1232.3,2.4803e-07,1.0075e-08,0.0020643,-88.144,20.749,,0.00286,0,0,0.00286
1232.4,2.4675e-07,1.0023e-08,0.0020675,-88.539,20.731,,0.00287,0,0,0.00287
1232.5,2.4548e-07,9.9718e-09,0.0020706,-88.934,20.712,,0.00288,0,0,0.00288
1232.6,2.4421e-07,9.9201e-09,0.0020738,-89.33,20.693,,0.00289,0,0,0.00289
1232.6,2.4293e-07,9.8684e-09,0.002077,-89.725,20.675,,0.0029,0,0,0.0029
1232.7,2.4166e-07,9.8167e-09,0.0020801,-90.121,20.656,,0.00291,0,0,0.00291
1232.8,2.4039e-07,9.765e-09,0.0020833,-90.516,20.637,,0.00292,0,0,0.00292
1232.8,2.3911e-07,9.7133e-09,0.0020865,-90.911,20.619,,0.00293,0,0,0.00293
1232.9,2.3784e-07,9.6616e-09,0.0020896,-91.307,20.6,,0.00294,0,0,0.00294
1233,2.3657e-07,9.6099e-09,0.0020928,-91.702,20.582,,0.00295,0,0,0.00295
1233.1,2.3529e-07,9.5583e-09,0.002096,-92.098,20.563,,0.00296,0,0,0.00296
1233.1,2.3402e-07,9.5066e-09,0.0020991,-92.493,20.544,,0.00297,0,0,0.00297
1233.2,2.3274e-07,9.4549e-09,0.0021023,-92.888,20.526,,0.00298,0,0,0.00298
1233.3,2.3147e-07,9.4032e-09,0.0021055,-93.284,20.507,,0.00299,0,0,0.00299
1233.4,2.3019e-07,9.3536e-09,0.0021086,-93.679,20.488,,0.003,0,0,0.003
1233.4,2.2868e-07,9.3822e-09,0.0021098,-94.072,20.468,,0.00301,0,0,0.00301
1233.5,2.2717e-07,9.4108e-09,0.0021109,-94.465,20.447,,0.00302,0,0,0.00302
1233.6,2.2567e-07,9.4394e-09,0.0021121,-94.858,20.426,,0.00303,0,0,0.00303
1233.7,2.2416e-07,9.468e-09,0.0021133,-95.251,20.406,,0.00304,0,0,0.00304
1233.8,2.2265e-07,9.4966e-09,0.0021144,-95.644,20.385,,0.00305,0,0,0.00305
1233.9,2.2114e-07,9.5252e-09,0.0021156,-96.037,20.364,,0.00306,0,0,0.00306
1234,2.1963e-07,9.5538e-09,0.0021168,-96.43,20.344,,0.00307,0,0,0.00307
1234.1,2.1812e-07,9.5824e-09,0.0021179,-96.823,20.323,,0.00308,0,0,0.00308
1234.2,2.1661e-07,9.6111e-09,0.0021191,-97.216,20.302,,0.00309,0,0,0.00309
1234.3,2.1511e-07,9.6397e-09,0.0021203,-97.609,20.282,,0.0031,0,0,0.0031
1234.4,2.136e-07,9.6683e-09,0.0021214,-98.002,20.261,,0.00311,0,0,0.00311
1234.5,2.1209e-07,9.6969e-09,0.0021226,-98.395,20.241,,0.00312,0,0,0.00312
1234.6,2.1058e-07,9.7255e-09,0.0021238,-98.788,20.22,,0.00313,0,0,0.00313
1234.6,2.0907e-07,9.7541e-09,0.0021249,-99.181,20.199,,0.00314,0,0,0.00314
1234.7,2.0756e-07,9.7827e-09,0.0021261,-99.574,20.179,,0.00315,0,0,0.00315
1234.8,2.0606e-07,9.8113e-09,0.0021273,-99.967,20.158,,0.00316,0,0,0.00316
1234.9,2.0455e-07,9.8399e-09,0.0021284,-100.36,20.137,,0.00317,0,0,0.00317
1235,2.0304e-07,9.8685e-09,0.0021296,-100.75,20.117,,0.00318,0,0,0.00318
1235.1,2.0153e-07,9.8971e-09,0.0021308,-101.15,20.096,,0.00319,0,0,0.00319
1235.2,2.0002e-07,9.9257e-09,0.0021319,-101.54,20.075,,0.0032,0,0,0.0032
1235.3,1.9851e-07,9.9543e-09,0.0021331,-101.93,20.055,,0.00321,0,0,0.00321
1235.4,1.97e-07,9.9829e-09,0.0021343,-102.32,20.034,,0.00322,0,0,0.00322
1235.5,1.955e-07,1.0012e-08,0.0021354,-102.72,20.014,,0.00323,0,0,0.00323
1235.6,1.9399e-07,1.004e-08,0.0021366,-103.11,19.993,,0.00324,0,0,0.00324
1235.7,1.9248e-07,1.0069e-08,0.0021378,-103.5,19.972,,0.00325,0,0,0.00325
1235.8,1.9097e-07,1.0097e-08,0.002139,-103.9,19.952,,0.00326,0,0,0.00326
1235.8,1.8946e-07,1.0126e-08,0.0021401,-104.29,19.931,,0.00327,0,0,0.00327
1235.9,1.8795e-07,1.0155e-08,0.0021413,-104.68,19.91,,0.00328,0,0,0.00328
1236,1.8644e-07,1.0183e-08,0.0021425,-105.08,19.89,,0.00329,0,0,0.00329
1236.1,1.8494e-07,1.0212e-08,0.0021436,-105.47,19.869,,0.0033,0,0,0.0033
1236.2,1.8343e-07,1.024e-08,0.0021448,-105.86,19.848,,0.00331,0,0,0.00331
1236.3,1.8192e-07,1.0269e-08,0.002146,-106.25,19.828,,0.00332,0,0,0.00332
1236.4,1.8041e-07,1.0298e-08,0.0021471,-106.65,19.807,,0.00333,0,0,0.00333
1236.5,1.789e-07,1.0326e-08,0.0021483,-107.04,19.787,,0.00334,0,0,0.00334
1236.6,1.7739e-07,1.0355e-08,0.0021495,-107.43,19.766,,0.00335,0,0,0.00335
1236.7,1.7588e-07,1.0383e-08,0.0021506,-107.83,19.745,,0.00336,0,0,0.00336
1236.8,1.7438e-07,1.0412e-08,0.0021518,-108.22,19.725,,0.00337,0,0,0.00337
1236.9,1.7287e-07,1.0441e-08,0.002153,-108.61,19.704,,0.00338,0,0,0.00338
1237,1.7136e-07,1.0469e-08,0.0021541,-109.01,19.683,,0.00339,0,0,0.00339
1237.1,1.6985e-07,1.0498e-08,0.0021553,-109.4,19.663,,0.0034,0,0,0.0034
1237.1,1.6834e-07,1.0527e-08,0.0021565,-109.79,19.642,,0.00341,0,0,0.00341
1237.2,1.6683e-07,1.0555e-08,0.0021576,-110.18,19.621,,0.00342,0,0,0.00342
1237.3,1.6532e-07,1.0584e-08,0.0021588,-110.58,19.601,,0.00343,0,0,0.00343
1237.4,1.6382e-07,1.0612e-08,0.00216,-110.97,19.58,,0.00344,0,0,0.00344
1237.5,1.6231e-07,1.0641e-08,0.0021611,-111.36,19.56,,0.00345,0,0,0.00345
1237.6,1.608e-07,1.067e-08,0.0021623,-111.76,19.539,,0.00346,0,0,0.00346
1237.7,1.5929e-07,1.0698e-08,0.0021635,-112.15,19.518,,0.00347,0,0,0.00347
1237.8,1.5778e-07,1.0727e-08,0.0021646,-112.54,19.498,,0.00348,0,0,0.00348
1237.9,1.5627e-07,1.0755e-08,0.0021658,-112.94,19.477,,0.00349,0,0,0.00349
1238,1.5476e-07,1.0784e-08,0.002167,-113.33,19.456,,0.0035,0,0,0.0035
1238.1,1.5372e-07,1.0752e-08,0.0021665,-113.72,19.434,,0.00351,0,0,0.00351
1238.2,1.5268e-07,1.072e-08,0.002166,-114.11,19.411,,0.00352,0,0,0.00352
1238.3,1.5164e-07,1.0688e-08,0.0021655,-114.5,19.389,,0.00353,0,0,0.00353
1238.4,1.506e-07,1.0655e-08,0.0021651,-114.89,19.366,,0.00354,0,0,0.00354
1238.5,1.4956e-07,1.0623e-08,0.0021646,-115.28,19.344,,0.00355,0,0,0.00355
1238.6,1.4852e-07,1.0591e-08,0.0021641,-115.67,19.321,,0.00356,0,0,0.00356
1238.7,1.4748e-07,1.0559e-08,0.0021637,-116.06,19.298,,0.00357,0,0,0.00357
1238.8,1.4644e-07,1.0527e-08,0.0021632,-116.45,19.276,,0.00358,0,0,0.00358
1239,1.454e-07,1.0495e-08,0.0021627,-116.84,19.253,,0.00359,0,0,0.00359
1239.1,1.4436e-07,1.0463e-08,0.0021622,-117.23,19.231,,0.0036,0,0,0.0036
1239.2,1.4331e-07,1.0431e-08,0.0021618,-117.62,19.208,,0.00361,0,0,0.00361
1239.3,1.4227e-07,1.0398e-08,0.0021613,-118.01,19.186,,0.00362,0,0,0.00362
1239.4,1.4123e-07,1.0366e-08,0.0021608,-118.4,19.163,,0.00363,0,0,0.00363
1239.5,1.4019e-07,1.0334e-08,0.0021604,-118.79,19.141,,0.00364,0,0,0.00364
1239.6,1.3915e-07,1.0302e-08,0.0021599,-119.18,19.118,,0.00365,0,0,0.00365
1239.7,1.3811e-07,1.027e-08,0.0021594,-119.57,19.095,,0.00366,0,0,0.00366
1239.8,1.3707e-07,1.0238e-08,0.0021589,-119.96,19.073,,0.00367,0,0,0.00367
1239.9,1.3603e-07,1.0206e-08,0.0021585,-120.35,19.05,,0.00368,0,0,0.00368
1240,1.3499e-07,1.0173e-08,0.002158,-120.74,19.028,,0.00369,0,0,0.00369
1240.1,1.3395e-07,1.0141e-08,0.0021575,-121.13,19.005,,0.0037,0,0,0.0037
1240.3,1.3291e-07,1.0109e-08,0.0021571,-121.52,18.983,,0.00371,0,0,0.00371
1240.4,1.3187e-07,1.0077e-08,0.0021566,-121.91,18.96,,0.00372,0,0,0.00372
1240.5,1.3082e-07,1.0045e-08,0.0021561,-122.3,18.938,,0.00373,0,0,0.00373
1240.6,1.2978e-07,1.0013e-08,0.0021556,-122.69,18.915,,0.00374,0,0,0.00374
1240.7,1.2874e-07,9.9806e-09,0.0021552,-123.08,18.892,,0.00375,0,0,0.00375
1240.8,1.277e-07,9.9485e-09,0.0021547,-123.47,18.87,,0.00376,0,0,0.00376
1240.9,1.2666e-07,9.9163e-09,0.0021542,-123.87,18.847,,0.00377,0,0,0.00377
1241,1.2562e-07,9.8842e-09,0.0021538,-124.26,18.825,,0.00378,0,0,0.00378
1241.1,1.2458e-07,9.8521e-09,0.0021533,-124.65,18.802,,0.00379,0,0,0.00379
1241.2,1.2354e-07,9.8199e-09,0.0021528,-125.04,18.78,,0.0038,0,0,0.0038
1241.3,1.225e-07,9.7878e-09,0.0021523,-125.43,18.757,,0.00381,0,0,0.00381
1241.4,1.2146e-07,9.7557e-09,0.0021519,-125.82,18.735,,0.00382,0,0,0.00382
1241.6,1.2042e-07,9.7235e-09,0.0021514,-126.21,18.712,,0.00383,0,0,0.00383
1241.7,1.1938e-07,9.6914e-09,0.0021509,-126.6,18.689,,0.00384,0,0,0.00384
1241.8,1.1834e-07,9.6593e-09,0.0021505,-126.99,18.667,,0.00385,0,0,0.00385
1241.9,1.1729e-07,9.6271e-09,0.00215,-127.38,18.644,,0.00386,0,0,0.00386
1242,1.1625e-07,9.595e-09,0.0021495,-127.77,18.622,,0.00387,0,0,0.00387
1242.1,1.1521e-07,9.5628e-09,0.002149,-128.16,18.599,,0.00388,0,0,0.00388
1242.2,1.1417e-07,9.5307e-09,0.0021486,-128.55,18.577,,0.00389,0,0,0.00389
1242.3,1.1313e-07,9.4986e-09,0.0021481,-128.94,18.554,,0.0039,0,0,0.0039
1242.4,1.1209e-07,9.4664e-09,0.0021476,-129.33,18.532,,0.00391,0,0,0.00391
1242.5,1.1105e-07,9.4343e-09,0.0021472,-129.72,18.509,,0.00392,0,0,0.00392
1242.6,1.1001e-07,9.4022e-09,0.0021467,-130.11,18.486,,0.00393,0,0,0.00393
1242.7,1.0897e-07,9.37e-09,0.0021462,-130.5,18.464,,0.00394,0,0,0.00394
1242.9,1.0793e-07,9.3379e-09,0.0021457,-130.89,18.441,,0.00395,0,0,0.00395
1243,1.0689e-07,9.3058e-09,0.0021453,-131.28,18.419,,0.00396,0,0,0.00396
1243.1,1.0585e-07,9.2736e-09,0.0021448,-131.67,18.396,,0.00397,0,0,0.00397
1243.2,1.0481e-07,9.2415e-09,0.0021443,-132.06,18.374,,0.00398,0,0,0.00398
1243.3,1.0376e-07,9.2094e-09,0.0021438,-132.45,18.351,,0.00399,0,0,0.00399
1243.4,1.0272e-07,9.1772e-09,0.0021434,-132.84,18.329,,0.004,0,0,0.004
1243.5,1.0191e-07,9.0719e-09,0.0021416,-133.23,18.303,,0.00401,0,0,0.00401
1243.6,1.0111e-07,8.9665e-09,0.0021399,-133.62,18.278,,0.00402,0,0,0.00402
1243.8,1.003e-07,8.8611e-09,0.0021382,-134,18.253,,0.00403,0,0,0.00403
1243.9,9.9486e-08,8.7558e-09,0.0021364,-134.39,18.228,,0.00404,0,0,0.00404
1244,9.8677e-08,8.6504e-09,0.0021347,-134.78,18.203,,0.00405,0,0,0.00405
1244.1,9.7868e-08,8.545e-09,0.0021329,-135.17,18.177,,0.00406,0,0,0.00406
1244.3,9.7058e-08,8.4397e-09,0.0021312,-135.55,18.152,,0.00407,0,0,0.00407
1244.4,9.6249e-08,8.3343e-09,0.0021294,-135.94,18.127,,0.00408,0,0,0.00408
1244.5,9.544e-08,8.2289e-09,0.0021277,-136.33,18.102,,0.00409,0,0,0.00409
1244.6,9.463e-08,8.1236e-09,0.002126,-136.72,18.077,,0.0041,0,0,0.0041
1244.8,9.3821e-08,8.0182e-09,0.0021242,-137.1,18.051,,0.00411,0,0,0.00411
1244.9,9.3012e-08,7.9128e-09,0.0021225,-137.49,18.026,,0.00412,0,0,0.00412
1245,9.2202e-08,7.8075e-09,0.0021207,-137.88,18.001,,0.00413,0,0,0.00413
1245.1,9.1393e-08,7.7021e-09,0.002119,-138.27,17.976,,0.00414,0,0,0.00414
1245.3,9.0584e-08,7.5967e-09,0.0021173,-138.65,17.951,,0.00415,0,0,0.00415
1245.4,8.9774e-08,7.4914e-09,0.0021155,-139.04,17.925,,0.00416,0,0,0.00416
1245.5,8.8965e-08,7.386e-09,0.0021138,-139.43,17.9,,0.00417,0,0,0.00417
1245.6,8.8156e-08,7.2806e-09,0.002112,-139.82,17.875,,0.00418,0,0,0.00418
1245.8,8.7346e-08,7.1753e-09,0.0021103,-140.2,17.85,,0.00419,0,0,0.00419
1245.9,8.6537e-08,7.0699e-09,0.0021085,-140.59,17.825,,0.0042,0,0,0.0042
1246,8.5727e-08,6.9646e-09,0.0021068,-140.98,17.799,,0.00421,0,0,0.00421
1246.1,8.4918e-08,6.8592e-09,0.0021051,-141.37,17.774,,0.00422,0,0,0.00422
1246.3,8.4109e-08,6.7538e-09,0.0021033,-141.75,17.749,,0.00423,0,0,0.00423
1246.4,8.3299e-08,6.6485e-09,0.0021016,-142.14,17.724,,0.00424,0,0,0.00424
1246.5,8.249e-08,6.5431e-09,0.0020998,-142.53,17.699,,0.00425,0,0,0.00425
1246.6,8.1681e-08,6.4377e-09,0.0020981,-142.92,17.673,,0.00426,0,0,0.00426
1246.8,8.0871e-08,6.3324e-09,0.0020964,-143.3,17.648,,0.00427,0,0,0.00427
1246.9,8.0062e-08,6.227e-09,0.0020946,-143.69,17.623,,0.00428,0,0,0.00428
1247,7.9253e-08,6.1216e-09,0.0020929,-144.08,17.598,,0.00429,0,0,0.00429
1247.2,7.8443e-08,6.0163e-09,0.0020911,-144.47,17.572,,0.0043,0,0,0.0043
1247.3,7.7634e-08,5.9109e-09,0.0020894,-144.86,17.547,,0.00431,0,0,0.00431
1247.4,7.6825e-08,5.8055e-09,0.0020876,-145.24,17.522,,0.00432,0,0,0.00432
1247.5,7.6015e-08,5.7002e-09,0.0020859,-145.63,17.497,,0.00433,0,0,0.00433
1247.7,7.5206e-08,5.5948e-09,0.0020842,-146.02,17.472,,0.00434,0,0,0.00434
1247.8,7.4397e-08,5.4894e-09,0.0020824,-146.41,17.446,,0.00435,0,0,0.00435
1247.9,7.3587e-08,5.3841e-09,0.0020807,-146.79,17.421,,0.00436,0,0,0.00436
1248,7.2778e-08,5.2787e-09,0.0020789,-147.18,17.396,,0.00437,0,0,0.00437
1248.2,7.1969e-08,5.1733e-09,0.0020772,-147.57,17.371,,0.00438,0,0,0.00438
1248.3,7.1159e-08,5.068e-09,0.0020755,-147.96,17.346,,0.00439,0,0,0.00439
1248.4,7.035e-08,4.9626e-09,0.0020737,-148.34,17.32,,0.0044,0,0,0.0044
1248.5,6.9541e-08,4.8572e-09,0.002072,-148.73,17.295,,0.00441,0,0,0.00441
1248.7,6.8731e-08,4.7519e-09,0.0020702,-149.12,17.27,,0.00442,0,0,0.00442
1248.8,6.7922e-08,4.6465e-09,0.0020685,-149.51,17.245,,0.00443,0,0,0.00443
1248.9,6.7113e-08,4.5411e-09,0.0020668,-149.89,17.22,,0.00444,0,0,0.00444
1249,6.6303e-08,4.4358e-09,0.002065,-150.28,17.194,,0.00445,0,0,0.00445
1249.2,6.5494e-08,4.3304e-09,0.0020633,-150.67,17.169,,0.00446,0,0,0.00446
1249.3,6.4685e-08,4.2251e-09,0.0020615,-151.06,17.144,,0.00447,0,0,0.00447
1249.4,6.3875e-08,4.1197e-09,0.0020598,-151.44,17.119,,0.00448,0,0,0.00448
1249.5,6.3066e-08,4.0143e-09,0.002058,-151.83,17.094,,0.00449,0,0,0.00449
1249.7,6.2257e-08,3.909e-09,0.0020563,-152.22,17.068,,0.0045,0,0,0.0045
1249.8,6.1532e-08,3.8206e-09,0.0020536,-152.6,17.04,,0.00451,0,0,0.00451
1249.9,6.0808e-08,3.7322e-09,0.0020509,-152.99,17.011,,0.00452,0,0,0.00452
1250.1,6.0084e-08,3.6438e-09,0.0020482,-153.37,16.982,,0.00453,0,0,0.00453
1250.2,5.936e-08,3.5554e-09,0.0020454,-153.76,16.953,,0.00454,0,0,0.00454
1250.4,5.8636e-08,3.4671e-09,0.0020427,-154.14,16.925,,0.00455,0,0,0.00455
1250.5,5.7912e-08,3.3787e-09,0.00204,-154.52,16.896,,0.00456,0,0,0.00456
1250.7,5.7187e-08,3.2903e-09,0.0020373,-154.91,16.867,,0.00457,0,0,0.00457
1250.8,5.6463e-08,3.2019e-09,0.0020346,-155.29,16.838,,0.00458,0,0,0.00458
1251,5.5739e-08,3.1135e-09,0.0020319,-155.68,16.81,,0.00459,0,0,0.00459
1251.1,5.5015e-08,3.0252e-09,0.0020292,-156.06,16.781,,0.0046,0,0,0.0046
1251.3,5.4291e-08,2.9368e-09,0.0020265,-156.45,16.752,,0.00461,0,0,0.00461
1251.4,5.3567e-08,2.8484e-09,0.0020237,-156.83,16.723,,0.00462,0,0,0.00462
1251.6,5.2843e-08,2.76e-09,0.002021,-157.21,16.695,,0.00463,0,0,0.00463
1251.7,5.2118e-08,2.6716e-09,0.0020183,-157.6,16.666,,0.00464,0,0,0.00464
1251.9,5.1394e-08,2.5833e-09,0.0020156,-157.98,16.637,,0.00465,0,0,0.00465
1252,5.067e-08,2.4949e-09,0.0020129,-158.37,16.608,,0.00466,0,0,0.00466
1252.1,4.9946e-08,2.4065e-09,0.0020102,-158.75,16.58,,0.00467,0,0,0.00467
1252.3,4.9222e-08,2.3181e-09,0.0020075,-159.14,16.551,,0.00468,0,0,0.00468
1252.4,4.8498e-08,2.2298e-09,0.0020047,-159.52,16.522,,0.00469,0,0,0.00469
1252.6,4.7773e-08,2.1414e-09,0.002002,-159.9,16.493,,0.0047,0,0,0.0047
1252.7,4.7049e-08,2.053e-09,0.0019993,-160.29,16.465,,0.00471,0,0,0.00471
1252.9,4.6325e-08,1.9646e-09,0.0019966,-160.67,16.436,,0.00472,0,0,0.00472
1253,4.5601e-08,1.8762e-09,0.0019939,-161.06,16.407,,0.00473,0,0,0.00473
1253.2,4.4877e-08,1.7879e-09,0.0019912,-161.44,16.378,,0.00474,0,0,0.00474
1253.3,4.4153e-08,1.6995e-09,0.0019885,-161.83,16.35,,0.00475,0,0,0.00475
1253.5,4.3428e-08,1.6111e-09,0.0019857,-162.21,16.321,,0.00476,0,0,0.00476
1253.6,4.2704e-08,1.5227e-09,0.001983,-162.59,16.292,,0.00477,0,0,0.00477
1253.8,4.198e-08,1.4343e-09,0.0019803,-162.98,16.263,,0.00478,0,0,0.00478
1253.9,4.1256e-08,1.346e-09,0.0019776,-163.36,16.234,,0.00479,0,0,0.00479
1254.1,4.0532e-08,1.2576e-09,0.0019749,-163.75,16.206,,0.0048,0,0,0.0048
1254.2,3.9808e-08,1.1692e-09,0.0019722,-164.13,16.177,,0.00481,0,0,0.00481
1254.3,3.9084e-08,1.0808e-09,0.0019695,-164.52,16.148,,0.00482,0,0,0.00482
1254.5,3.8359e-08,9.9244e-10,0.0019668,-164.9,16.119,,0.00483,0,0,0.00483
1254.6,3.7635e-08,9.0406e-10,0.001964,-165.28,16.091,,0.00484,0,0,0.00484
1254.8,3.6911e-08,8.1569e-10,0.0019613,-165.67,16.062,,0.00485,0,0,0.00485
1254.9,3.6187e-08,7.2731e-10,0.0019586,-166.05,16.033,,0.00486,0,0,0.00486
1255.1,3.5463e-08,6.3893e-10,0.0019559,-166.44,16.004,,0.00487,0,0,0.00487
1255.2,3.4739e-08,5.5055e-10,0.0019532,-166.82,15.976,,0.00488,0,0,0.00488
1255.4,3.4014e-08,4.6217e-10,0.0019505,-167.21,15.947,,0.00489,0,0,0.00489
1255.5,3.329e-08,3.7379e-10,0.0019478,-167.59,15.918,,0.0049,0,0,0.0049
1255.7,3.2566e-08,2.8541e-10,0.001945,-167.97,15.889,,0.00491,0,0,0.00491
1255.8,3.1842e-08,1.9703e-10,0.0019423,-168.36,15.861,,0.00492,0,0,0.00492
1256,3.1118e-08,1.0865e-10,0.0019396,-168.74,15.832,,0.00493,0,0,0.00493
1256.1,3.0394e-08,2.0272e-11,0.0019369,-169.13,15.803,,0.00494,0,0,0.00494
1256.3,2.967e-08,-6.8108e-11,0.0019342,-169.51,15.774,,0.00495,0,0,0.00495
1256.4,2.8945e-08,-1.5649e-10,0.0019315,-169.9,15.746,,0.00496,0,0,0.00496
1256.5,2.8221e-08,-2.4486e-10,0.0019288,-170.28,15.717,,0.00497,0,0,0.00497
1256.7,2.7497e-08,-3.3324e-10,0.001926,-170.66,15.688,,0.00498,0,0,0.00498
1256.8,2.6773e-08,-4.2162e-10,0.0019233,-171.05,15.659,,0.00499,0,0,0.00499
1257,2.6049e-08,-5.1e-10,0.0019206,-171.43,15.631,,0.005,0,0,0.005
1257.2,2.5679e-08,-6.0552e-10,0.0019172,-171.81,15.597,,0.00501,0,0,0.00501
1257.3,2.531e-08,-7.0103e-10,0.0019138,-172.19,15.563,,0.00502,0,0,0.00502
1257.5,2.494e-08,-7.9655e-10,0.0019104,-172.57,15.529,,0.00503,0,0,0.00503
1257.7,2.4571e-08,-8.9205e-10,0.001907,-172.95,15.496,,0.00504,0,0,0.00504
1257.9,2.4201e-08,-9.8757e-10,0.0019036,-173.33,15.462,,0.00505,0,0,0.00505
1258,2.3832e-08,-1.0831e-09,0.0019002,-173.71,15.428,,0.00506,0,0,0.00506
1258.2,2.3462e-08,-1.1786e-09,0.0018967,-174.09,15.395,,0.00507,0,0,0.00507
1258.4,2.3093e-08,-1.2741e-09,0.0018933,-174.47,15.361,,0.00508,0,0,0.00508
1258.5,2.2723e-08,-1.3696e-09,0.0018899,-174.86,15.327,,0.00509,0,0,0.00509
1258.7,2.2354e-08,-1.4651e-09,0.0018865,-175.24,15.293,,0.0051,0,0,0.0051
1258.9,2.1984e-08,-1.5606e-09,0.0018831,-175.62,15.26,,0.00511,0,0,0.00511
1259.1,2.1615e-08,-1.6562e-09,0.0018797,-176,15.226,,0.00512,0,0,0.00512
1259.2,2.1246e-08,-1.7517e-09,0.0018763,-176.38,15.192,,0.00513,0,0,0.00513
1259.4,2.0876e-08,-1.8472e-09,0.0018729,-176.76,15.159,,0.00514,0,0,0.00514
1259.6,2.0507e-08,-1.9427e-09,0.0018695,-177.14,15.125,,0.00515,0,0,0.00515
1259.8,2.0137e-08,-2.0382e-09,0.001866,-177.52,15.091,,0.00516,0,0,0.00516
1259.9,1.9768e-08,-2.1337e-09,0.0018626,-177.9,15.057,,0.00517,0,0,0.00517
1260.1,1.9398e-08,-2.2292e-09,0.0018592,-178.28,15.024,,0.00518,0,0,0.00518
1260.3,1.9029e-08,-2.3248e-09,0.0018558,-178.66,14.99,,0.00519,0,0,0.00519
1260.5,1.8659e-08,-2.4203e-09,0.0018524,-179.04,14.956,,0.0052,0,0,0.0052
1260.6,1.829e-08,-2.5158e-09,0.001849,-179.42,14.923,,0.00521,0,0,0.00521
1260.8,1.792e-08,-2.6113e-09,0.0018456,-179.8,14.889,,0.00522,0,0,0.00522
1261,1.7551e-08,-2.7068e-09,0.0018422,-180.18,14.855,,0.00523,0,0,0.00523
1261.2,1.7181e-08,-2.8023e-09,0.0018388,-180.56,14.821,,0.00524,0,0,0.00524
1261.3,1.6812e-08,-2.8978e-09,0.0018354,-180.94,14.788,,0.00525,0,0,0.00525
1261.5,1.6442e-08,-2.9934e-09,0.0018319,-181.32,14.754,,0.00526,0,0,0.00526
1261.7,1.6073e-08,-3.0889e-09,0.0018285,-181.7,14.72,,0.00527,0,0,0.00527
1261.9,1.5703e-08,-3.1844e-09,0.0018251,-182.08,14.687,,0.00528,0,0,0.00528
1262,1.5334e-08,-3.2799e-09,0.0018217,-182.46,14.653,,0.00529,0,0,0.00529
1262.2,1.4964e-08,-3.3754e-09,0.0018183,-182.84,14.619,,0.0053,0,0,0.0053
1262.4,1.4595e-08,-3.4709e-09,0.0018149,-183.22,14.585,,0.00531,0,0,0.00531
1262.5,1.4225e-08,-3.5664e-09,0.0018115,-183.6,14.552,,0.00532,0,0,0.00532
1262.7,1.3856e-08,-3.6619e-09,0.0018081,-183.98,14.518,,0.00533,0,0,0.00533
1262.9,1.3486e-08,-3.7575e-09,0.0018047,-184.36,14.484,,0.00534,0,0,0.00534
1263.1,1.3117e-08,-3.853e-09,0.0018012,-184.74,14.451,,0.00535,0,0,0.00535
1263.2,1.2747e-08,-3.9485e-09,0.0017978,-185.12,14.417,,0.00536,0,0,0.00536
1263.4,1.2378e-08,-4.044e-09,0.0017944,-185.5,14.383,,0.00537,0,0,0.00537
1263.6,1.2008e-08,-4.1395e-09,0.001791,-185.88,14.349,,0.00538,0,0,0.00538
1263.8,1.1639e-08,-4.235e-09,0.0017876,-186.26,14.316,,0.00539,0,0,0.00539
1263.9,1.127e-08,-4.3305e-09,0.0017842,-186.64,14.282,,0.0054,0,0,0.0054
1264.1,1.09e-08,-4.426e-09,0.0017808,-187.02,14.248,,0.00541,0,0,0.00541
1264.3,1.0531e-08,-4.5216e-09,0.0017774,-187.41,14.214,,0.00542,0,0,0.00542
1264.5,1.0161e-08,-4.6171e-09,0.001774,-187.79,14.181,,0.00543,0,0,0.00543
1264.6,9.7916e-09,-4.7126e-09,0.0017705,-188.17,14.147,,0.00544,0,0,0.00544
1264.8,9.4221e-09,-4.8081e-09,0.0017671,-188.55,14.113,,0.00545,0,0,0.00545
1265,9.0526e-09,-4.9036e-09,0.0017637,-188.93,14.08,,0.00546,0,0,0.00546
1265.2,8.6831e-09,-4.9991e-09,0.0017603,-189.31,14.046,,0.00547,0,0,0.00547
1265.3,8.3137e-09,-5.0946e-09,0.0017569,-189.69,14.012,,0.00548,0,0,0.00548
1265.5,7.9442e-09,-5.1902e-09,0.0017535,-190.07,13.978,,0.00549,0,0,0.00549
1265.7,7.5747e-09,-5.2857e-09,0.0017501,-190.45,13.945,,0.0055,0,0,0.0055
1265.9,7.496e-09,-5.3784e-09,0.0017462,-190.82,13.903,,0.00551,0,0,0.00551
1266.1,7.4174e-09,-5.4711e-09,0.0017423,-191.2,13.862,,0.00552,0,0,0.00552
1266.3,7.3387e-09,-5.5639e-09,0.0017385,-191.58,13.821,,0.00553,0,0,0.00553
1266.5,7.26e-09,-5.6566e-09,0.0017346,-191.95,13.779,,0.00554,0,0,0.00554
1266.7,7.1814e-09,-5.7493e-09,0.0017307,-192.33,13.738,,0.00555,0,0,0.00555
1266.9,7.1027e-09,-5.8421e-09,0.0017268,-192.7,13.697,,0.00556,0,0,0.00556
1267.1,7.024e-09,-5.9348e-09,0.001723,-193.08,13.655,,0.00557,0,0,0.00557
1267.4,6.9454e-09,-6.0275e-09,0.0017191,-193.46,13.614,,0.00558,0,0,0.00558
1267.6,6.8667e-09,-6.1202e-09,0.0017152,-193.83,13.572,,0.00559,0,0,0.00559
1267.8,6.788e-09,-6.213e-09,0.0017113,-194.21,13.531,,0.0056,0,0,0.0056
1268,6.7094e-09,-6.3057e-09,0.0017075,-194.58,13.49,,0.00561,0,0,0.00561
1268.2,6.6307e-09,-6.3984e-09,0.0017036,-194.96,13.448,,0.00562,0,0,0.00562
1268.4,6.552e-09,-6.4912e-09,0.0016997,-195.34,13.407,,0.00563,0,0,0.00563
1268.6,6.4734e-09,-6.5839e-09,0.0016959,-195.71,13.366,,0.00564,0,0,0.00564
1268.8,6.3947e-09,-6.6766e-09,0.001692,-196.09,13.324,,0.00565,0,0,0.00565
1269,6.3161e-09,-6.7694e-09,0.0016881,-196.46,13.283,,0.00566,0,0,0.00566
1269.2,6.2374e-09,-6.8621e-09,0.0016842,-196.84,13.241,,0.00567,0,0,0.00567
1269.4,6.1587e-09,-6.9548e-09,0.0016804,-197.22,13.2,,0.00568,0,0,0.00568
1269.7,6.0801e-09,-7.0476e-09,0.0016765,-197.59,13.159,,0.00569,0,0,0.00569
1269.9,6.0014e-09,-7.1403e-09,0.0016726,-197.97,13.117,,0.0057,0,0,0.0057
1270.1,5.9227e-09,-7.233e-09,0.0016687,-198.34,13.076,,0.00571,0,0,0.00571
1270.3,5.8441e-09,-7.3257e-09,0.0016649,-198.72,13.035,,0.00572,0,0,0.00572
1270.5,5.7654e-09,-7.4185e-09,0.001661,-199.1,12.993,,0.00573,0,0,0.00573
1270.7,5.6867e-09,-7.5112e-09,0.0016571,-199.47,12.952,,0.00574,0,0,0.00574
1270.9,5.6081e-09,-7.6039e-09,0.0016533,-199.85,12.91,,0.00575,0,0,0.00575
1271.1,5.5294e-09,-7.6967e-09,0.0016494,-200.22,12.869,,0.00576,0,0,0.00576
1271.3,5.4507e-09,-7.7894e-09,0.0016455,-200.6,12.828,,0.00577,0,0,0.00577
1271.5,5.3721e-09,-7.8821e-09,0.0016416,-200.98,12.786,,0.00578,0,0,0.00578
1271.8,5.2934e-09,-7.9749e-09,0.0016378,-201.35,12.745,,0.00579,0,0,0.00579
1272,5.2147e-09,-8.0676e-09,0.0016339,-201.73,12.704,,0.0058,0,0,0.0058
1272.2,5.1361e-09,-8.1603e-09,0.00163,-202.1,12.662,,0.00581,0,0,0.00581
1272.4,5.0574e-09,-8.2531e-09,0.0016261,-202.48,12.621,,0.00582,0,0,0.00582
1272.6,4.9788e-09,-8.3458e-09,0.0016223,-202.85,12.579,,0.00583,0,0,0.00583
1272.8,4.9001e-09,-8.4385e-09,0.0016184,-203.23,12.538,,0.00584,0,0,0.00584
1273,4.8214e-09,-8.5313e-09,0.0016145,-203.61,12.497,,0.00585,0,0,0.00585
1273.2,4.7428e-09,-8.624e-09,0.0016106,-203.98,12.455,,0.00586,0,0,0.00586
1273.4,4.6641e-09,-8.7167e-09,0.0016068,-204.36,12.414,,0.00587,0,0,0.00587
1273.6,4.5854e-09,-8.8094e-09,0.0016029,-204.73,12.373,,0.00588,0,0,0.00588
1273.8,4.5068e-09,-8.9022e-09,0.001599,-205.11,12.331,,0.00589,0,0,0.00589
1274.1,4.4281e-09,-8.9949e-09,0.0015952,-205.49,12.29,,0.0059,0,0,0.0059
1274.3,4.3494e-09,-9.0876e-09,0.0015913,-205.86,12.249,,0.00591,0,0,0.00591
1274.5,4.2708e-09,-9.1804e-09,0.0015874,-206.24,12.207,,0.00592,0,0,0.00592
1274.7,4.1921e-09,-9.2731e-09,0.0015835,-206.61,12.166,,0.00593,0,0,0.00593
1274.9,4.1134e-09,-9.3658e-09,0.0015797,-206.99,12.124,,0.00594,0,0,0.00594
1275.1,4.0348e-09,-9.4586e-09,0.0015758,-207.37,12.083,,0.00595,0,0,0.00595
1275.3,3.9561e-09,-9.5513e-09,0.0015719,-207.74,12.042,,0.00596,0,0,0.00596
1275.5,3.8774e-09,-9.644e-09,0.001568,-208.12,12,,0.00597,0,0,0.00597
1275.7,3.7988e-09,-9.7368e-09,0.0015642,-208.49,11.959,,0.00598,0,0,0.00598
1275.9,3.7201e-09,-9.8295e-09,0.0015603,-208.87,11.918,,0.00599,0,0,0.00599
1276.2,3.6415e-09,-9.9222e-09,0.0015564,-209.25,11.876,,0.006,0,0,0.006
1276.4,3.7111e-09,-9.909e-09,0.0015522,-209.62,11.823,,0.00601,0,0,0.00601
1276.7,3.7807e-09,-9.8958e-09,0.001548,-209.99,11.77,,0.00602,0,0,0.00602
1276.9,3.8504e-09,-9.8826e-09,0.0015438,-210.36,11.717,,0.00603,0,0,0.00603
1277.2,3.92e-09,-9.8695e-09,0.0015396,-210.73,11.663,,0.00604,0,0,0.00604
1277.4,3.9897e-09,-9.8563e-09,0.0015354,-211.1,11.61,,0.00605,0,0,0.00605
1277.7,4.0593e-09,-9.8431e-09,0.0015312,-211.47,11.557,,0.00606,0,0,0.00606
1278,4.1289e-09,-9.8299e-09,0.001527,-211.84,11.504,,0.00607,0,0,0.00607
1278.2,4.1986e-09,-9.8167e-09,0.0015228,-212.22,11.451,,0.00608,0,0,0.00608
1278.5,4.2682e-09,-9.8035e-09,0.0015186,-212.59,11.397,,0.00609,0,0,0.00609
1278.7,4.3379e-09,-9.7903e-09,0.0015144,-212.96,11.344,,0.0061,0,0,0.0061
1279,4.4075e-09,-9.7771e-09,0.0015102,-213.33,11.291,,0.00611,0,0,0.00611
1279.3,4.4771e-09,-9.7639e-09,0.001506,-213.7,11.238,,0.00612,0,0,0.00612
1279.5,4.5468e-09,-9.7507e-09,0.0015017,-214.07,11.185,,0.00613,0,0,0.00613
1279.8,4.6164e-09,-9.7376e-09,0.0014975,-214.44,11.131,,0.00614,0,0,0.00614
1280,4.6861e-09,-9.7244e-09,0.0014933,-214.81,11.078,,0.00615,0,0,0.00615
1280.3,4.7557e-09,-9.7112e-09,0.0014891,-215.19,11.025,,0.00616,0,0,0.00616
1280.5,4.8253e-09,-9.698e-09,0.0014849,-215.56,10.972,,0.00617,0,0,0.00617
1280.8,4.895e-09,-9.6848e-09,0.0014807,-215.93,10.919,,0.00618,0,0,0.00618
1281.1,4.9646e-09,-9.6716e-09,0.0014765,-216.3,10.865,,0.00619,0,0,0.00619
1281.3,5.0343e-09,-9.6584e-09,0.0014723,-216.67,10.812,,0.0062,0,0,0.0062
1281.6,5.1039e-09,-9.6452e-09,0.0014681,-217.04,10.759,,0.00621,0,0,0.00621
1281.8,5.1735e-09,-9.632e-09,0.0014639,-217.41,10.706,,0.00622,0,0,0.00622
1282.1,5.2432e-09,-9.6188e-09,0.0014597,-217.78,10.653,,0.00623,0,0,0.00623
1282.4,5.3128e-09,-9.6057e-09,0.0014555,-218.15,10.599,,0.00624,0,0,0.00624
1282.6,5.3825e-09,-9.5925e-09,0.0014513,-218.53,10.546,,0.00625,0,0,0.00625
1282.9,5.4521e-09,-9.5793e-09,0.0014471,-218.9,10.493,,0.00626,0,0,0.00626
1283.1,5.5218e-09,-9.5661e-09,0.0014429,-219.27,10.44,,0.00627,0,0,0.00627
1283.4,5.5914e-09,-9.5529e-09,0.0014387,-219.64,10.387,,0.00628,0,0,0.00628
1283.6,5.661e-09,-9.5397e-09,0.0014345,-220.01,10.333,,0.00629,0,0,0.00629
1283.9,5.7307e-09,-9.5265e-09,0.0014303,-220.38,10.28,,0.0063,0,0,0.0063
1284.2,5.8003e-09,-9.5133e-09,0.001426,-220.75,10.227,,0.00631,0,0,0.00631
1284.4,5.87e-09,-9.5001e-09,0.0014218,-221.12,10.174,,0.00632,0,0,0.00632
1284.7,5.9396e-09,-9.4869e-09,0.0014176,-221.5,10.121,,0.00633,0,0,0.00633
1284.9,6.0092e-09,-9.4738e-09,0.0014134,-221.87,10.067,,0.00634,0,0,0.00634
1285.2,6.0789e-09,-9.4606e-09,0.0014092,-222.24,10.014,,0.00635,0,0,0.00635
1285.5,6.1485e-09,-9.4474e-09,0.001405,-222.61,9.9609,,0.00636,0,0,0.00636
1285.7,6.2182e-09,-9.4342e-09,0.0014008,-222.98,9.9077,,0.00637,0,0,0.00637
1286,6.2878e-09,-9.421e-09,0.0013966,-223.35,9.8545,,0.00638,0,0,0.00638
1286.2,6.3574e-09,-9.4078e-09,0.0013924,-223.72,9.8013,,0.00639,0,0,0.00639
1286.5,6.4271e-09,-9.3946e-09,0.0013882,-224.09,9.7481,,0.0064,0,0,0.0064
1286.8,6.4967e-09,-9.3814e-09,0.001384,-224.47,9.6949,,0.00641,0,0,0.00641
1287,6.5664e-09,-9.3682e-09,0.0013798,-224.84,9.6417,,0.00642,0,0,0.00642
1287.3,6.636e-09,-9.355e-09,0.0013756,-225.21,9.5885,,0.00643,0,0,0.00643
1287.5,6.7056e-09,-9.3419e-09,0.0013714,-225.58,9.5353,,0.00644,0,0,0.00644
1287.8,6.7753e-09,-9.3287e-09,0.0013672,-225.95,9.4821,,0.00645,0,0,0.00645
1288,6.8449e-09,-9.3155e-09,0.001363,-226.32,9.4289,,0.00646,0,0,0.00646
1288.3,6.9146e-09,-9.3023e-09,0.0013588,-226.69,9.3757,,0.00647,0,0,0.00647
1288.6,6.9842e-09,-9.2891e-09,0.0013546,-227.06,9.3225,,0.00648,0,0,0.00648
1288.8,7.0538e-09,-9.2759e-09,0.0013503,-227.43,9.2693,,0.00649,0,0,0.00649
1289.1,7.1235e-09,-9.2627e-09,0.0013461,-227.81,9.2161,,0.0065,0,0,0.0065
1289.4,7.2538e-09,-9.1607e-09,0.0013417,-228.17,9.1437,,0.00651,0,0,0.00651
1289.7,7.3841e-09,-9.0587e-09,0.0013372,-228.54,9.0713,,0.00652,0,0,0.00652
1290.1,7.5143e-09,-8.9566e-09,0.0013328,-228.9,8.9989,,0.00653,0,0,0.00653
1290.4,7.6446e-09,-8.8546e-09,0.0013283,-229.27,8.9265,,0.00654,0,0,0.00654
1290.7,7.7749e-09,-8.7526e-09,0.0013238,-229.63,8.8541,,0.00655,0,0,0.00655
1291.1,7.9052e-09,-8.6505e-09,0.0013194,-230,8.7816,,0.00656,0,0,0.00656
1291.4,8.0355e-09,-8.5485e-09,0.0013149,-230.37,8.7092,,0.00657,0,0,0.00657
1291.7,8.1658e-09,-8.4465e-09,0.0013105,-230.73,8.6368,,0.00658,0,0,0.00658
1292.1,8.2961e-09,-8.3445e-09,0.001306,-231.1,8.5644,,0.00659,0,0,0.00659
1292.4,8.4264e-09,-8.2424e-09,0.0013015,-231.46,8.492,,0.0066,0,0,0.0066
1292.7,8.5567e-09,-8.1404e-09,0.0012971,-231.83,8.4196,,0.00661,0,0,0.00661
1293.1,8.6869e-09,-8.0384e-09,0.0012926,-232.2,8.3471,,0.00662,0,0,0.00662
1293.4,8.8172e-09,-7.9363e-09,0.0012882,-232.56,8.2747,,0.00663,0,0,0.00663
1293.7,8.9475e-09,-7.8343e-09,0.0012837,-232.93,8.2023,,0.00664,0,0,0.00664
1294.1,9.0778e-09,-7.7323e-09,0.0012793,-233.29,8.1299,,0.00665,0,0,0.00665
1294.4,9.2081e-09,-7.6303e-09,0.0012748,-233.66,8.0575,,0.00666,0,0,0.00666
1294.7,9.3384e-09,-7.5282e-09,0.0012703,-234.02,7.9851,,0.00667,0,0,0.00667
1295.1,9.4687e-09,-7.4262e-09,0.0012659,-234.39,7.9127,,0.00668,0,0,0.00668
1295.4,9.599e-09,-7.3242e-09,0.0012614,-234.76,7.8402,,0.00669,0,0,0.00669
1295.7,9.7293e-09,-7.2222e-09,0.001257,-235.12,7.7678,,0.0067,0,0,0.0067
1296.1,9.8596e-09,-7.1201e-09,0.0012525,-235.49,7.6954,,0.00671,0,0,0.00671
1296.4,9.9899e-09,-7.0181e-09,0.001248,-235.85,7.623,,0.00672,0,0,0.00672
1296.7,1.012e-08,-6.9161e-09,0.0012436,-236.22,7.5506,,0.00673,0,0,0.00673
1297.1,1.0251e-08,-6.814e-09,0.0012391,-236.59,7.4782,,0.00674,0,0,0.00674
1297.4,1.0381e-08,-6.712e-09,0.0012347,-236.95,7.4057,,0.00675,0,0,0.00675
1297.7,1.0511e-08,-6.61e-09,0.0012302,-237.32,7.3333,,0.00676,0,0,0.00676
1298.1,1.0641e-08,-6.508e-09,0.0012257,-237.68,7.2609,,0.00677,0,0,0.00677
1298.4,1.0772e-08,-6.4059e-09,0.0012213,-238.05,7.1885,,0.00678,0,0,0.00678
1298.7,1.0902e-08,-6.3039e-09,0.0012168,-238.41,7.1161,,0.00679,0,0,0.00679
1299,1.1032e-08,-6.2019e-09,0.0012124,-238.78,7.0437,,0.0068,0,0,0.0068
1299.4,1.1163e-08,-6.0998e-09,0.0012079,-239.15,6.9713,,0.00681,0,0,0.00681
1299.7,1.1293e-08,-5.9978e-09,0.0012034,-239.51,6.8988,,0.00682,0,0,0.00682
1300,1.1423e-08,-5.8958e-09,0.001199,-239.88,6.8264,,0.00683,0,0,0.00683
1300.4,1.1554e-08,-5.7938e-09,0.0011945,-240.24,6.754,,0.00684,0,0,0.00684
1300.7,1.1684e-08,-5.6917e-09,0.0011901,-240.61,6.6816,,0.00685,0,0,0.00685
1301,1.1814e-08,-5.5897e-09,0.0011856,-240.98,6.6092,,0.00686,0,0,0.00686
1301.4,1.1945e-08,-5.4877e-09,0.0011811,-241.34,6.5368,,0.00687,0,0,0.00687
1301.7,1.2075e-08,-5.3856e-09,0.0011767,-241.71,6.4643,,0.00688,0,0,0.00688
1302,1.2205e-08,-5.2836e-09,0.0011722,-242.07,6.3919,,0.00689,0,0,0.00689
1302.4,1.2335e-08,-5.1816e-09,0.0011678,-242.44,6.3195,,0.0069,0,0,0.0069
1302.7,1.2466e-08,-5.0796e-09,0.0011633,-242.8,6.2471,,0.00691,0,0,0.00691
1303,1.2596e-08,-4.9775e-09,0.0011588,-243.17,6.1747,,0.00692,0,0,0.00692
1303.4,1.2726e-08,-4.8755e-09,0.0011544,-243.54,6.1023,,0.00693,0,0,0.00693
1303.7,1.2857e-08,-4.7735e-09,0.0011499,-243.9,6.0299,,0.00694,0,0,0.00694
1304,1.2987e-08,-4.6714e-09,0.0011455,-244.27,5.9574,,0.00695,0,0,0.00695
1304.4,1.3117e-08,-4.5694e-09,0.001141,-244.63,5.885,,0.00696,0,0,0.00696
1304.7,1.3248e-08,-4.4674e-09,0.0011365,-245,5.8126,,0.00697,0,0,0.00697
1305,1.3378e-08,-4.3654e-09,0.0011321,-245.37,5.7402,,0.00698,0,0,0.00698
1305.4,1.3508e-08,-4.2633e-09,0.0011276,-245.73,5.6678,,0.00699,0,0,0.00699
1305.7,1.3639e-08,-4.1613e-09,0.0011232,-246.1,5.5954,,0.007,0,0,0.007
1306.1,1.3739e-08,-3.9757e-09,0.0011185,-246.46,5.4906,,0.00701,0,0,0.00701
1306.6,1.3838e-08,-3.7879e-09,0.0011139,-246.82,5.3851,,0.00702,0,0,0.00702
1307.1,1.3937e-08,-3.6002e-09,0.0011092,-247.18,5.2795,,0.00703,0,0,0.00703
1307.5,1.4036e-08,-3.4124e-09,0.0011046,-247.53,5.1739,,0.00704,0,0,0.00704
1308,1.4135e-08,-3.2246e-09,0.0011,-247.89,5.0683,,0.00705,0,0,0.00705
1308.4,1.4235e-08,-3.0369e-09,0.0010953,-248.25,4.9628,,0.00706,0,0,0.00706
1308.9,1.4334e-08,-2.8491e-09,0.0010907,-248.61,4.8572,,0.00707,0,0,0.00707
1309.3,1.4433e-08,-2.6613e-09,0.001086,-248.97,4.7516,,0.00708,0,0,0.00708
1309.8,1.4532e-08,-2.4736e-09,0.0010814,-249.33,4.646,,0.00709,0,0,0.00709
1310.2,1.4632e-08,-2.2858e-09,0.0010767,-249.69,4.5405,,0.0071,0,0,0.0071
1310.7,1.4731e-08,-2.098e-09,0.0010721,-250.05,4.4349,,0.00711,0,0,0.00711
1311.1,1.483e-08,-1.9103e-09,0.0010675,-250.41,4.3293,,0.00712,0,0,0.00712
1311.6,1.4929e-08,-1.7225e-09,0.0010628,-250.77,4.2237,,0.00713,0,0,0.00713
1312,1.5029e-08,-1.5347e-09,0.0010582,-251.13,4.1182,,0.00714,0,0,0.00714
1312.5,1.5128e-08,-1.3469e-09,0.0010535,-251.49,4.0126,,0.00715,0,0,0.00715
1312.9,1.5227e-08,-1.1592e-09,0.0010489,-251.85,3.907,,0.00716,0,0,0.00716
1313.4,1.5326e-08,-9.7141e-10,0.0010442,-252.21,3.8014,,0.00717,0,0,0.00717
1313.9,1.5426e-08,-7.8364e-10,0.0010396,-252.57,3.6959,,0.00718,0,0,0.00718
1314.3,1.5525e-08,-5.9587e-10,0.001035,-252.93,3.5903,,0.00719,0,0,0.00719
1314.8,1.5624e-08,-4.081e-10,0.0010303,-253.28,3.4847,,0.0072,0,0,0.0072
1315.2,1.5724e-08,-2.2033e-10,0.0010257,-253.64,3.3791,,0.00721,0,0,0.00721
1315.7,1.5823e-08,-3.2559e-11,0.001021,-254,3.2736,,0.00722,0,0,0.00722
1316.1,1.5922e-08,1.552e-10,0.0010164,-254.36,3.168,,0.00723,0,0,0.00723
1316.6,1.6022e-08,3.4297e-10,0.0010117,-254.72,3.0624,,0.00724,0,0,0.00724
1317,1.6121e-08,5.3075e-10,0.0010071,-255.08,2.9568,,0.00725,0,0,0.00725
1317.5,1.622e-08,7.1852e-10,0.0010025,-255.44,2.8513,,0.00726,0,0,0.00726
1317.9,1.632e-08,9.0629e-10,0.00099781,-255.8,2.7457,,0.00727,0,0,0.00727
1318.4,1.6419e-08,1.0941e-09,0.00099317,-256.16,2.6401,,0.00728,0,0,0.00728
1318.8,1.6518e-08,1.2818e-09,0.00098852,-256.52,2.5346,,0.00729,0,0,0.00729
1319.3,1.6618e-08,1.4696e-09,0.00098388,-256.88,2.429,,0.0073,0,0,0.0073
1319.8,1.6717e-08,1.6574e-09,0.00097924,-257.24,2.3234,,0.00731,0,0,0.00731
1320.2,1.6816e-08,1.8451e-09,0.00097459,-257.6,2.2178,,0.00732,0,0,0.00732
1320.7,1.6916e-08,2.0329e-09,0.00096995,-257.96,2.1123,,0.00733,0,0,0.00733
1321.1,1.7015e-08,2.2207e-09,0.00096531,-258.32,2.0067,,0.00734,0,0,0.00734
1321.6,1.7115e-08,2.4084e-09,0.00096066,-258.68,1.9011,,0.00735,0,0,0.00735
1322,1.7214e-08,2.5962e-09,0.00095602,-259.03,1.7955,,0.00736,0,0,0.00736
1322.5,1.7313e-08,2.784e-09,0.00095138,-259.39,1.69,,0.00737,0,0,0.00737
1322.9,1.7413e-08,2.9718e-09,0.00094673,-259.75,1.5844,,0.00738,0,0,0.00738
1323.4,1.7512e-08,3.1595e-09,0.00094209,-260.11,1.4788,,0.00739,0,0,0.00739
1323.8,1.7612e-08,3.3473e-09,0.00093745,-260.47,1.3732,,0.0074,0,0,0.0074
1324.3,1.7711e-08,3.5351e-09,0.00093281,-260.83,1.2677,,0.00741,0,0,0.00741
1324.7,1.7811e-08,3.7228e-09,0.00092816,-261.19,1.1621,,0.00742,0,0,0.00742
1325.2,1.791e-08,3.9106e-09,0.00092352,-261.55,1.0565,,0.00743,0,0,0.00743
1325.7,1.8009e-08,4.0984e-09,0.00091888,-261.91,0.95094,,0.00744,0,0,0.00744
1326.1,1.8109e-08,4.2861e-09,0.00091423,-262.27,0.84536,,0.00745,0,0,0.00745
1326.6,1.8208e-08,4.4739e-09,0.00090959,-262.63,0.73979,,0.00746,0,0,0.00746
1327,1.8308e-08,4.6617e-09,0.00090495,-262.99,0.63422,,0.00747,0,0,0.00747
1327.5,1.8407e-08,4.8494e-09,0.0009003,-263.35,0.52864,,0.00748,0,0,0.00748
1327.9,1.8507e-08,5.0372e-09,0.00089566,-263.71,0.42307,,0.00749,0,0,0.00749
1328.4,1.8606e-08,5.225e-09,0.00089102,-264.07,0.31749,,0.0075,0,0,0.0075
1329,1.8623e-08,5.4104e-09,0.00088634,-264.42,0.1698,,0.00751,0,0,0.00751
1329.6,1.8612e-08,5.5949e-09,0.00088164,-264.77,0.0076961,,0.00752,0,0,0.00752
1330.3,1.8601e-08,5.7795e-09,0.00087695,-265.12,-0.1544,,0.00753,0,0,0.00753
1331,1.8589e-08,5.9641e-09,0.00087226,-265.47,-0.31649,,0.00754,0,0,0.00754
1331.6,1.8578e-08,6.1486e-09,0.00086757,-265.82,-0.47859,,0.00755,0,0,0.00755
1332.3,1.8567e-08,6.3332e-09,0.00086288,-266.17,-0.64069,,0.00756,0,0,0.00756
1332.9,1.8556e-08,6.5178e-09,0.00085818,-266.52,-0.80279,,0.00757,0,0,0.00757
1333.6,1.8544e-08,6.7023e-09,0.00085349,-266.87,-0.96489,,0.00758,0,0,0.00758
1334.2,1.8533e-08,6.8869e-09,0.0008488,-267.22,-1.127,,0.00759,0,0,0.00759
1334.9,1.8522e-08,7.0715e-09,0.00084411,-267.57,-1.2891,,0.0076,0,0,0.0076
1335.6,1.851e-08,7.256e-09,0.00083941,-267.92,-1.4512,,0.00761,0,0,0.00761
1336.2,1.8499e-08,7.4406e-09,0.00083472,-268.27,-1.6133,,0.00762,0,0,0.00762
1336.9,1.8488e-08,7.6252e-09,0.00083003,-268.62,-1.7754,,0.00763,0,0,0.00763
1337.5,1.8476e-08,7.8097e-09,0.00082534,-268.97,-1.9375,,0.00764,0,0,0.00764
1338.2,1.8465e-08,7.9943e-09,0.00082064,-269.31,-2.0996,,0.00765,0,0,0.00765
1338.8,1.8454e-08,8.1789e-09,0.00081595,-269.66,-2.2617,,0.00766,0,0,0.00766
1339.5,1.8443e-08,8.3634e-09,0.00081126,-270.01,-2.4238,,0.00767,0,0,0.00767
1340.2,1.8431e-08,8.548e-09,0.00080657,-270.36,-2.5859,,0.00768,0,0,0.00768
1340.8,1.842e-08,8.7326e-09,0.00080188,-270.71,-2.748,,0.00769,0,0,0.00769
1341.5,1.8409e-08,8.9171e-09,0.00079718,-271.06,-2.9101,,0.0077,0,0,0.0077
1342.1,1.8397e-08,9.1017e-09,0.00079249,-271.41,-3.0722,,0.00771,0,0,0.00771
1342.8,1.8386e-08,9.2863e-09,0.0007878,-271.76,-3.2343,,0.00772,0,0,0.00772
1343.4,1.8375e-08,9.4708e-09,0.00078311,-272.11,-3.3964,,0.00773,0,0,0.00773
1344.1,1.8363e-08,9.6554e-09,0.00077841,-272.46,-3.5585,,0.00774,0,0,0.00774
1344.8,1.8352e-08,9.84e-09,0.00077372,-272.81,-3.7206,,0.00775,0,0,0.00775
1345.4,1.8341e-08,1.0025e-08,0.00076903,-273.16,-3.8827,,0.00776,0,0,0.00776
1346.1,1.8329e-08,1.0209e-08,0.00076434,-273.51,-4.0448,,0.00777,0,0,0.00777
1346.7,1.8318e-08,1.0394e-08,0.00075965,-273.86,-4.2068,,0.00778,0,0,0.00778
1347.4,1.8307e-08,1.0578e-08,0.00075495,-274.21,-4.3689,,0.00779,0,0,0.00779
1348,1.8295e-08,1.0763e-08,0.00075026,-274.56,-4.531,,0.0078,0,0,0.0078
1348.7,1.8284e-08,1.0947e-08,0.00074557,-274.91,-4.6931,,0.00781,0,0,0.00781
1349.4,1.8272e-08,1.1132e-08,0.00074088,-275.26,-4.8552,,0.00782,0,0,0.00782
1350,1.8261e-08,1.1316e-08,0.00073618,-275.61,-5.0173,,0.00783,0,0,0.00783
1350.7,1.825e-08,1.1501e-08,0.00073149,-275.96,-5.1794,,0.00784,0,0,0.00784
1351.3,1.8238e-08,1.1686e-08,0.0007268,-276.31,-5.3415,,0.00785,0,0,0.00785
1352,1.8227e-08,1.187e-08,0.00072211,-276.66,-5.5036,,0.00786,0,0,0.00786
1352.6,1.8216e-08,1.2055e-08,0.00071742,-277.01,-5.6657,,0.00787,0,0,0.00787
1353.3,1.8204e-08,1.2239e-08,0.00071272,-277.36,-5.8278,,0.00788,0,0,0.00788
1354,1.8193e-08,1.2424e-08,0.00070803,-277.71,-5.9899,,0.00789,0,0,0.00789
1354.6,1.8182e-08,1.2608e-08,0.00070334,-278.06,-6.152,,0.0079,0,0,0.0079
1355.3,1.817e-08,1.2793e-08,0.00069865,-278.41,-6.3141,,0.00791,0,0,0.00791
1355.9,1.8159e-08,1.2978e-08,0.00069395,-278.76,-6.4762,,0.00792,0,0,0.00792
1356.6,1.8147e-08,1.3162e-08,0.00068926,-279.11,-6.6383,,0.00793,0,0,0.00793
1357.2,1.8136e-08,1.3347e-08,0.00068457,-279.46,-6.8004,,0.00794,0,0,0.00794
1357.9,1.8125e-08,1.3531e-08,0.00067988,-279.81,-6.9625,,0.00795,0,0,0.00795
1358.6,1.8113e-08,1.3716e-08,0.00067518,-280.16,-7.1246,,0.00796,0,0,0.00796
1359.2,1.8102e-08,1.39e-08,0.00067049,-280.51,-7.2867,,0.00797,0,0,0.00797
1359.9,1.8091e-08,1.4085e-08,0.0006658,-280.86,-7.4488,,0.00798,0,0,0.00798
1360.5,1.8079e-08,1.427e-08,0.00066111,-281.21,-7.6109,,0.00799,0,0,0.00799
1361.2,1.8068e-08,1.4454e-08,0.00065642,-281.56,-7.773,,0.008,0,0,0.008
1361.8,1.8056e-08,1.4639e-08,0.00065172,-281.91,-7.9351,,0.00801,0,0,0.00801
1362.8,1.7729e-08,1.4803e-08,0.00064717,-282.24,-8.165,,0.00802,0,0,0.00802
1363.7,1.7356e-08,1.4964e-08,0.00064263,-282.58,-8.4049,,0.00803,0,0,0.00803
1364.7,1.6982e-08,1.5126e-08,0.00063809,-282.92,-8.6447,,0.00804,0,0,0.00804
1365.6,1.6608e-08,1.5287e-08,0.00063355,-283.25,-8.8846,,0.00805,0,0,0.00805
1366.6,1.6234e-08,1.5448e-08,0.00062901,-283.59,-9.1245,,0.00806,0,0,0.00806
1367.5,1.5859e-08,1.5609e-08,0.00062448,-283.92,-9.3643,,0.00807,0,0,0.00807
1368.5,1.5484e-08,1.5771e-08,0.00061994,-284.26,-9.6042,,0.00808,0,0,0.00808
1369.4,1.5109e-08,1.5932e-08,0.0006154,-284.59,-9.844,,0.00809,0,0,0.00809
1370.4,1.4734e-08,1.6093e-08,0.00061086,-284.93,-10.084,,0.0081,0,0,0.0081
1371.3,1.4359e-08,1.6255e-08,0.00060632,-285.26,-10.324,,0.00811,0,0,0.00811
1372.3,1.3983e-08,1.6416e-08,0.00060178,-285.6,-10.564,,0.00812,0,0,0.00812
1373.2,1.3608e-08,1.6577e-08,0.00059725,-285.93,-10.803,,0.00813,0,0,0.00813
1374.2,1.3231e-08,1.6738e-08,0.00059271,-286.27,-11.043,,0.00814,0,0,0.00814
1375.2,1.2855e-08,1.69e-08,0.00058817,-286.61,-11.283,,0.00815,0,0,0.00815
1376.1,1.2479e-08,1.7061e-08,0.00058363,-286.94,-11.523,,0.00816,0,0,0.00816
1377.1,1.2102e-08,1.7222e-08,0.00057909,-287.28,-11.763,,0.00817,0,0,0.00817
1378,1.1725e-08,1.7383e-08,0.00057455,-287.61,-12.003,,0.00818,0,0,0.00818
1379,1.1348e-08,1.7545e-08,0.00057002,-287.95,-12.243,,0.00819,0,0,0.00819
1379.9,1.097e-08,1.7706e-08,0.00056548,-288.28,-12.482,,0.0082,0,0,0.0082
1380.9,1.0593e-08,1.7867e-08,0.00056094,-288.62,-12.722,,0.00821,0,0,0.00821
1381.8,1.0215e-08,1.8028e-08,0.0005564,-288.95,-12.962,,0.00822,0,0,0.00822
1382.8,9.8366e-09,1.819e-08,0.00055186,-289.29,-13.202,,0.00823,0,0,0.00823
1383.7,9.4583e-09,1.8351e-08,0.00054733,-289.63,-13.442,,0.00824,0,0,0.00824
1384.7,9.0797e-09,1.8512e-08,0.00054279,-289.96,-13.682,,0.00825,0,0,0.00825
1385.6,8.7009e-09,1.8673e-08,0.00053825,-290.3,-13.922,,0.00826,0,0,0.00826
1386.6,8.3219e-09,1.8834e-08,0.00053371,-290.63,-14.161,,0.00827,0,0,0.00827
1387.5,7.9427e-09,1.8996e-08,0.00052917,-290.97,-14.401,,0.00828,0,0,0.00828
1388.5,7.5632e-09,1.9157e-08,0.00052463,-291.3,-14.641,,0.00829,0,0,0.00829
1389.5,7.1835e-09,1.9318e-08,0.0005201,-291.64,-14.881,,0.0083,0,0,0.0083
1390.4,6.8036e-09,1.9479e-08,0.00051556,-291.97,-15.121,,0.00831,0,0,0.00831
1391.4,6.4234e-09,1.964e-08,0.00051102,-292.31,-15.361,,0.00832,0,0,0.00832
1392.3,6.0431e-09,1.9802e-08,0.00050648,-292.64,-15.601,,0.00833,0,0,0.00833
1393.3,5.6624e-09,1.9963e-08,0.00050194,-292.98,-15.84,,0.00834,0,0,0.00834
1394.2,5.2816e-09,2.0124e-08,0.00049741,-293.32,-16.08,,0.00835,0,0,0.00835
1395.2,4.9006e-09,2.0285e-08,0.00049287,-293.65,-16.32,,0.00836,0,0,0.00836
1396.1,4.5193e-09,2.0446e-08,0.00048833,-293.99,-16.56,,0.00837,0,0,0.00837
1397.1,4.1378e-09,2.0608e-08,0.00048379,-294.32,-16.8,,0.00838,0,0,0.00838
1398,3.756e-09,2.0769e-08,0.00047925,-294.66,-17.04,,0.00839,0,0,0.00839
1399,3.3741e-09,2.093e-08,0.00047471,-294.99,-17.28,,0.0084,0,0,0.0084
1399.9,2.9918e-09,2.1091e-08,0.00047018,-295.33,-17.519,,0.00841,0,0,0.00841
1400.9,2.6094e-09,2.1252e-08,0.00046564,-295.66,-17.759,,0.00842,0,0,0.00842
1401.8,2.2268e-09,2.1413e-08,0.0004611,-296,-17.999,,0.00843,0,0,0.00843
1402.8,1.8439e-09,2.1574e-08,0.00045656,-296.33,-18.239,,0.00844,0,0,0.00844
1403.8,1.4608e-09,2.1736e-08,0.00045202,-296.67,-18.479,,0.00845,0,0,0.00845
1404.7,1.0775e-09,2.1897e-08,0.00044748,-297.01,-18.719,,0.00846,0,0,0.00846
1405.7,6.9396e-10,2.2058e-08,0.00044295,-297.34,-18.959,,0.00847,0,0,0.00847
1406.6,3.102e-10,2.2219e-08,0.00043841,-297.68,-19.198,,0.00848,0,0,0.00848
1407.6,-7.3825e-11,2.238e-08,0.00043387,-298.01,-19.438,,0.00849,0,0,0.00849
1408.5,-4.5804e-10,2.2541e-08,0.00042933,-298.35,-19.678,,0.0085,0,0,0.0085
1409.5,-8.4251e-10,2.2702e-08,0.00042479,-298.68,-19.918,,0.00851,0,0,0.00851
1410.4,-1.2272e-09,2.2864e-08,0.00042026,-299.02,-20.158,,0.00852,0,0,0.00852
1411.4,-1.5909e-09,2.3005e-08,0.0004158,-299.35,-20.406,,0.00853,0,0,0.00853
1412.7,-1.844e-09,2.3041e-08,0.00041175,-299.67,-20.697,,0.00854,0,0,0.00854
1413.9,-2.0984e-09,2.3076e-08,0.0004077,-299.99,-20.987,,0.00855,0,0,0.00855
1415.1,-2.3541e-09,2.3112e-08,0.00040365,-300.3,-21.278,,0.00856,0,0,0.00856
1416.3,-2.6112e-09,2.3148e-08,0.0003996,-300.62,-21.569,,0.00857,0,0,0.00857
1417.6,-2.8696e-09,2.3184e-08,0.00039556,-300.94,-21.86,,0.00858,0,0,0.00858
1418.8,-3.1294e-09,2.3219e-08,0.00039151,-301.26,-22.15,,0.00859,0,0,0.00859
1420,-3.3905e-09,2.3255e-08,0.00038746,-301.57,-22.441,,0.0086,0,0,0.0086
1421.2,-3.6529e-09,2.3291e-08,0.00038341,-301.89,-22.732,,0.00861,0,0,0.00861
1422.5,-3.9167e-09,2.3326e-08,0.00037937,-302.21,-23.023,,0.00862,0,0,0.00862
1423.7,-4.1819e-09,2.3362e-08,0.00037532,-302.53,-23.313,,0.00863,0,0,0.00863
1424.9,-4.4484e-09,2.3398e-08,0.00037127,-302.85,-23.604,,0.00864,0,0,0.00864
1426.1,-4.7162e-09,2.3433e-08,0.00036722,-303.16,-23.895,,0.00865,0,0,0.00865
1427.4,-4.9853e-09,2.3469e-08,0.00036317,-303.48,-24.186,,0.00866,0,0,0.00866
1428.6,-5.2558e-09,2.3504e-08,0.00035913,-303.8,-24.476,,0.00867,0,0,0.00867
1429.8,-5.5277e-09,2.354e-08,0.00035508,-304.12,-24.767,,0.00868,0,0,0.00868
1431.1,-5.8009e-09,2.3575e-08,0.00035103,-304.43,-25.058,,0.00869,0,0,0.00869
1432.3,-6.0754e-09,2.3611e-08,0.00034698,-304.75,-25.349,,0.0087,0,0,0.0087
1433.5,-6.3512e-09,2.3646e-08,0.00034294,-305.07,-25.639,,0.00871,0,0,0.00871
1434.7,-6.6284e-09,2.3681e-08,0.00033889,-305.39,-25.93,,0.00872,0,0,0.00872
1436,-6.907e-09,2.3717e-08,0.00033484,-305.7,-26.221,,0.00873,0,0,0.00873
1437.2,-7.1868e-09,2.3752e-08,0.00033079,-306.02,-26.512,,0.00874,0,0,0.00874
1438.4,-7.468e-09,2.3787e-08,0.00032674,-306.34,-26.802,,0.00875,0,0,0.00875
1439.6,-7.7506e-09,2.3823e-08,0.0003227,-306.66,-27.093,,0.00876,0,0,0.00876
1440.9,-8.0345e-09,2.3858e-08,0.00031865,-306.97,-27.384,,0.00877,0,0,0.00877
1442.1,-8.3196e-09,2.3893e-08,0.0003146,-307.29,-27.675,,0.00878,0,0,0.00878
1443.3,-8.6062e-09,2.3928e-08,0.00031055,-307.61,-27.965,,0.00879,0,0,0.00879
1444.5,-8.8941e-09,2.3963e-08,0.00030651,-307.93,-28.256,,0.0088,0,0,0.0088
1445.8,-9.1833e-09,2.3999e-08,0.00030246,-308.24,-28.547,,0.00881,0,0,0.00881
1447,-9.4738e-09,2.4034e-08,0.00029841,-308.56,-28.838,,0.00882,0,0,0.00882
1448.2,-9.7657e-09,2.4069e-08,0.00029436,-308.88,-29.128,,0.00883,0,0,0.00883
1449.4,-1.0059e-08,2.4104e-08,0.00029031,-309.2,-29.419,,0.00884,0,0,0.00884
1450.7,-1.0353e-08,2.4139e-08,0.00028627,-309.52,-29.71,,0.00885,0,0,0.00885
1451.9,-1.0649e-08,2.4174e-08,0.00028222,-309.83,-30.001,,0.00886,0,0,0.00886
1453.1,-1.0946e-08,2.4209e-08,0.00027817,-310.15,-30.292,,0.00887,0,0,0.00887
1454.4,-1.1245e-08,2.4244e-08,0.00027412,-310.47,-30.582,,0.00888,0,0,0.00888
1455.6,-1.1545e-08,2.4279e-08,0.00027008,-310.79,-30.873,,0.00889,0,0,0.00889
1456.8,-1.1846e-08,2.4314e-08,0.00026603,-311.1,-31.164,,0.0089,0,0,0.0089
1458,-1.2148e-08,2.4349e-08,0.00026198,-311.42,-31.455,,0.00891,0,0,0.00891
1459.3,-1.2452e-08,2.4384e-08,0.00025793,-311.74,-31.745,,0.00892,0,0,0.00892
1460.5,-1.2757e-08,2.4418e-08,0.00025389,-312.06,-32.036,,0.00893,0,0,0.00893
1461.7,-1.3064e-08,2.4453e-08,0.00024984,-312.37,-32.327,,0.00894,0,0,0.00894
1462.9,-1.3372e-08,2.4488e-08,0.00024579,-312.69,-32.618,,0.00895,0,0,0.00895
1464.2,-1.3681e-08,2.4523e-08,0.00024174,-313.01,-32.908,,0.00896,0,0,0.00896
1465.4,-1.3991e-08,2.4558e-08,0.00023769,-313.33,-33.199,,0.00897,0,0,0.00897
1466.6,-1.4303e-08,2.4592e-08,0.00023365,-313.64,-33.49,,0.00898,0,0,0.00898
1467.8,-1.4616e-08,2.4627e-08,0.0002296,-313.96,-33.781,,0.00899,0,0,0.00899
1469.1,-1.493e-08,2.4662e-08,0.00022555,-314.28,-34.071,,0.009,0,0,0.009
1470.3,-1.5246e-08,2.4696e-08,0.0002215,-314.6,-34.362,,0.00901,0,0,0.00901
1471.5,-1.5563e-08,2.4731e-08,0.00021746,-314.91,-34.653,,0.00902,0,0,0.00902
1472.8,-1.5882e-08,2.4766e-08,0.00021341,-315.23,-34.944,,0.00903,0,0,0.00903
1474,-1.6201e-08,2.48e-08,0.00020936,-315.55,-35.234,,0.00904,0,0,0.00904
1475.2,-1.5998e-08,2.4677e-08,0.00020604,-315.86,-35.492,,0.00905,0,0,0.00905
1476.3,-1.5571e-08,2.4484e-08,0.00020303,-316.16,-35.735,,0.00906,0,0,0.00906
1477.5,-1.5147e-08,2.4292e-08,0.00020003,-316.46,-35.978,,0.00907,0,0,0.00907
1478.7,-1.4727e-08,2.4099e-08,0.00019702,-316.76,-36.221,,0.00908,0,0,0.00908
1479.8,-1.4312e-08,2.3907e-08,0.00019401,-317.06,-36.464,,0.00909,0,0,0.00909
1481,-1.39e-08,2.3714e-08,0.00019101,-317.36,-36.708,,0.0091,0,0,0.0091
1482.2,-1.3492e-08,2.3521e-08,0.000188,-317.66,-36.951,,0.00911,0,0,0.00911
1483.3,-1.3088e-08,2.3328e-08,0.00018499,-317.96,-37.194,,0.00912,0,0,0.00912
1484.5,-1.2689e-08,2.3136e-08,0.00018199,-318.26,-37.437,,0.00913,0,0,0.00913
1485.7,-1.2293e-08,2.2943e-08,0.00017898,-318.56,-37.68,,0.00914,0,0,0.00914
1486.9,-1.1901e-08,2.275e-08,0.00017598,-318.86,-37.923,,0.00915,0,0,0.00915
1488,-1.1512e-08,2.2556e-08,0.00017297,-319.16,-38.166,,0.00916,0,0,0.00916
1489.2,-1.1128e-08,2.2363e-08,0.00016996,-319.47,-38.409,,0.00917,0,0,0.00917
1490.4,-1.0748e-08,2.217e-08,0.00016696,-319.77,-38.653,,0.00918,0,0,0.00918
1491.5,-1.0372e-08,2.1977e-08,0.00016395,-320.07,-38.896,,0.00919,0,0,0.00919
1492.7,-9.9993e-09,2.1783e-08,0.00016094,-320.37,-39.139,,0.0092,0,0,0.0092
1493.9,-9.6308e-09,2.159e-08,0.00015794,-320.67,-39.382,,0.00921,0,0,0.00921
1495,-9.2662e-09,2.1397e-08,0.00015493,-320.97,-39.625,,0.00922,0,0,0.00922
1496.2,-8.9056e-09,2.1203e-08,0.00015193,-321.27,-39.868,,0.00923,0,0,0.00923
1497.4,-8.5488e-09,2.1009e-08,0.00014892,-321.57,-40.111,,0.00924,0,0,0.00924
1498.5,-8.196e-09,2.0816e-08,0.00014591,-321.87,-40.354,,0.00925,0,0,0.00925
1499.7,-7.8471e-09,2.0622e-08,0.00014291,-322.17,-40.597,,0.00926,0,0,0.00926
1500.9,-7.502e-09,2.0428e-08,0.0001399,-322.47,-40.841,,0.00927,0,0,0.00927
1502.1,-7.1609e-09,2.0234e-08,0.00013689,-322.77,-41.084,,0.00928,0,0,0.00928
1503.2,-6.8237e-09,2.004e-08,0.00013389,-323.07,-41.327,,0.00929,0,0,0.00929
1504.4,-6.4903e-09,1.9846e-08,0.00013088,-323.37,-41.57,,0.0093,0,0,0.0093
1505.6,-6.1609e-09,1.9652e-08,0.00012788,-323.68,-41.813,,0.00931,0,0,0.00931
1506.7,-5.8353e-09,1.9458e-08,0.00012487,-323.98,-42.056,,0.00932,0,0,0.00932
1507.9,-5.5137e-09,1.9264e-08,0.00012186,-324.28,-42.299,,0.00933,0,0,0.00933
1509.1,-5.1959e-09,1.907e-08,0.00011886,-324.58,-42.542,,0.00934,0,0,0.00934
1510.2,-4.882e-09,1.8875e-08,0.00011585,-324.88,-42.786,,0.00935,0,0,0.00935
1511.4,-4.572e-09,1.8681e-08,0.00011284,-325.18,-43.029,,0.00936,0,0,0.00936
1512.6,-4.2659e-09,1.8486e-08,0.00010984,-325.48,-43.272,,0.00937,0,0,0.00937
1513.7,-3.9636e-09,1.8292e-08,0.00010683,-325.78,-43.515,,0.00938,0,0,0.00938
1514.9,-3.6652e-09,1.8097e-08,0.00010383,-326.08,-43.758,,0.00939,0,0,0.00939
1516.1,-3.3708e-09,1.7903e-08,0.00010082,-326.38,-44.001,,0.0094,0,0,0.0094
1517.2,-3.0801e-09,1.7708e-08,9.7814e-05,-326.68,-44.244,,0.00941,0,0,0.00941
1518.4,-2.7934e-09,1.7513e-08,9.4807e-05,-326.98,-44.487,,0.00942,0,0,0.00942
1519.6,-2.5105e-09,1.7318e-08,9.1801e-05,-327.28,-44.731,,0.00943,0,0,0.00943
1520.8,-2.2314e-09,1.7123e-08,8.8795e-05,-327.59,-44.974,,0.00944,0,0,0.00944
1521.9,-1.9562e-09,1.6928e-08,8.5789e-05,-327.89,-45.217,,0.00945,0,0,0.00945
1523.1,-1.6849e-09,1.6733e-08,8.2783e-05,-328.19,-45.46,,0.00946,0,0,0.00946
1524.3,-1.4174e-09,1.6538e-08,7.9776e-05,-328.49,-45.703,,0.00947,0,0,0.00947
1525.4,-1.1538e-09,1.6343e-08,7.677e-05,-328.79,-45.946,,0.00948,0,0,0.00948
1526.6,-8.9407e-10,1.6148e-08,7.3764e-05,-329.09,-46.189,,0.00949,0,0,0.00949
1527.8,-6.3816e-10,1.5952e-08,7.0758e-05,-329.39,-46.432,,0.0095,0,0,0.0095
1528.9,-3.8608e-10,1.5757e-08,6.7751e-05,-329.69,-46.676,,0.00951,0,0,0.00951
1530.1,-1.3786e-10,1.5561e-08,6.4745e-05,-329.99,-46.919,,0.00952,0,0,0.00952
1531.3,1.0651e-10,1.5366e-08,6.1739e-05,-330.29,-47.162,,0.00953,0,0,0.00953
1532.1,2.6826e-10,1.5101e-08,5.9611e-05,-330.59,-47.328,,0.00954,0,0,0.00954
1532.6,3.5143e-10,1.4769e-08,5.8316e-05,-330.89,-47.421,,0.00955,0,0,0.00955
1533.1,4.3061e-10,1.4439e-08,5.702e-05,-331.18,-47.515,,0.00956,0,0,0.00956
1533.6,5.058e-10,1.4108e-08,5.5724e-05,-331.48,-47.608,,0.00957,0,0,0.00957
1534.1,5.7702e-10,1.3777e-08,5.4428e-05,-331.77,-47.701,,0.00958,0,0,0.00958
1534.6,6.4426e-10,1.3446e-08,5.3132e-05,-332.07,-47.795,,0.00959,0,0,0.00959
1535.1,7.0751e-10,1.3116e-08,5.1836e-05,-332.36,-47.888,,0.0096,0,0,0.0096
1535.6,7.668e-10,1.2786e-08,5.054e-05,-332.66,-47.982,,0.00961,0,0,0.00961
1536.2,8.221e-10,1.2455e-08,4.9244e-05,-332.95,-48.075,,0.00962,0,0,0.00962
1536.7,8.7344e-10,1.2125e-08,4.7948e-05,-333.25,-48.168,,0.00963,0,0,0.00963
1537.2,9.2081e-10,1.1795e-08,4.6652e-05,-333.55,-48.262,,0.00964,0,0,0.00964
1537.7,9.6421e-10,1.1466e-08,4.5357e-05,-333.84,-48.355,,0.00965,0,0,0.00965
1538.2,1.0036e-09,1.1136e-08,4.4061e-05,-334.14,-48.448,,0.00966,0,0,0.00966
1538.7,1.0391e-09,1.0806e-08,4.2765e-05,-334.43,-48.542,,0.00967,0,0,0.00967
1539.2,1.0706e-09,1.0477e-08,4.1469e-05,-334.73,-48.635,,0.00968,0,0,0.00968
1539.7,1.0982e-09,1.0147e-08,4.0173e-05,-335.02,-48.728,,0.00969,0,0,0.00969
1540.2,1.1218e-09,9.8183e-09,3.8877e-05,-335.32,-48.822,,0.0097,0,0,0.0097
1540.7,1.1414e-09,9.4892e-09,3.7581e-05,-335.62,-48.915,,0.00971,0,0,0.00971
1541.2,1.1571e-09,9.1602e-09,3.6285e-05,-335.91,-49.009,,0.00972,0,0,0.00972
1541.7,1.1688e-09,8.8314e-09,3.4989e-05,-336.21,-49.102,,0.00973,0,0,0.00973
1542.2,1.1766e-09,8.5027e-09,3.3693e-05,-336.5,-49.195,,0.00974,0,0,0.00974
1542.7,1.1805e-09,8.1741e-09,3.2397e-05,-336.8,-49.289,,0.00975,0,0,0.00975
1543.3,1.1804e-09,7.8457e-09,3.1102e-05,-337.09,-49.382,,0.00976,0,0,0.00976
1543.8,1.1763e-09,7.5174e-09,2.9806e-05,-337.39,-49.475,,0.00977,0,0,0.00977
1544.3,1.1683e-09,7.1891e-09,2.851e-05,-337.68,-49.569,,0.00978,0,0,0.00978
1544.8,1.1564e-09,6.8611e-09,2.7214e-05,-337.98,-49.662,,0.00979,0,0,0.00979
1545.3,1.1406e-09,6.5331e-09,2.5918e-05,-338.28,-49.755,,0.0098,0,0,0.0098
1545.8,1.1208e-09,6.2053e-09,2.4622e-05,-338.57,-49.849,,0.00981,0,0,0.00981
1546.3,1.097e-09,5.8776e-09,2.3326e-05,-338.87,-49.942,,0.00982,0,0,0.00982
1546.8,1.0694e-09,5.55e-09,2.203e-05,-339.16,-50.036,,0.00983,0,0,0.00983
1547.3,1.0378e-09,5.2225e-09,2.0734e-05,-339.46,-50.129,,0.00984,0,0,0.00984
1547.8,1.0023e-09,4.8952e-09,1.9438e-05,-339.75,-50.222,,0.00985,0,0,0.00985
1548.3,9.6286e-10,4.568e-09,1.8143e-05,-340.05,-50.316,,0.00986,0,0,0.00986
1548.8,9.1951e-10,4.2409e-09,1.6847e-05,-340.34,-50.409,,0.00987,0,0,0.00987
1549.3,8.7224e-10,3.9139e-09,1.5551e-05,-340.64,-50.502,,0.00988,0,0,0.00988
1549.8,8.2105e-10,3.5871e-09,1.4255e-05,-340.94,-50.596,,0.00989,0,0,0.00989
1550.3,7.6594e-10,3.2604e-09,1.2959e-05,-341.23,-50.689,,0.0099,0,0,0.0099
1550.9,7.0693e-10,2.9338e-09,1.1663e-05,-341.53,-50.782,,0.00991,0,0,0.00991
1551.4,6.4399e-10,2.6073e-09,1.0367e-05,-341.82,-50.876,,0.00992,0,0,0.00992
1551.9,5.7716e-10,2.281e-09,9.0713e-06,-342.12,-50.969,,0.00993,0,0,0.00993
1552.4,5.0641e-10,1.9548e-09,7.7755e-06,-342.41,-51.062,,0.00994,0,0,0.00994
1552.9,4.3176e-10,1.6286e-09,6.4795e-06,-342.71,-51.156,,0.00995,0,0,0.00995
1553.4,3.5321e-10,1.3027e-09,5.1836e-06,-343,-51.249,,0.00996,0,0,0.00996
1553.9,2.7075e-10,9.7681e-10,3.8877e-06,-343.3,-51.343,,0.00997,0,0,0.00997
1554.4,1.844e-10,6.5109e-10,2.5918e-06,-343.6,-51.436,,0.00998,0,0,0.00998
1554.9,9.4142e-11,3.2547e-10,1.2958e-06,-343.89,-51.529,,0.00999,0,0,0.00999
1555.4,-5.9547e-24,-2.0166e-23,-8.0305e-20,-344.19,-51.623,,0.01,0,0,0.01
